id,trial_number,trialID,soundCondition,chargeSpeed,leftColor,ISI_ms,repetition,response,is_fight,response_rt,confidence,confidence_rt,subject_id
650b03136ab3d4c832d98b71,1,4a2adf87-0f15-4bc0-9837-899addfb179c,higher,2.75,black,512.5,4,fight,1,162679,8.666666666666668,1783,650b03136ab3d4c832d98b71
650b03136ab3d4c832d98b71,2,2c174300-1111-477c-b605-e34e6031cd26,same,6.5,grey,478.6,6,fight,1,716,22.833333333333332,1180,650b03136ab3d4c832d98b71
650b03136ab3d4c832d98b71,3,e838dadb-c02f-4273-ae93-210720dcd06c,lower,1.5,grey,475.9,9,play,0,564,40.0,2076,650b03136ab3d4c832d98b71
650b03136ab3d4c832d98b71,4,50f23891-0e3f-40d3-8bcb-a5bcfcec1987,same,7.75,grey,481.2,5,fight,1,650,32.166666666666664,2285,650b03136ab3d4c832d98b71
650b03136ab3d4c832d98b71,5,debe6245-13a4-4a31-b28a-e7b25ce8fa93,lower,6.5,grey,478.6,8,fight,1,834,26.333333333333332,1860,650b03136ab3d4c832d98b71
650b03136ab3d4c832d98b71,6,fb491605-8f46-43ab-ba62-bfd86d95e4d6,lower,4.0,black,468.8,1,fight,1,3668,22.666666666666664,1220,650b03136ab3d4c832d98b71
650b03136ab3d4c832d98b71,7,124d9b3a-acac-4627-93e0-f05b493598f3,same,5.25,black,504.8,4,play,0,3172,10.333333333333334,1629,650b03136ab3d4c832d98b71
650b03136ab3d4c832d98b71,8,609aaddc-b0c4-4442-b4ef-ba29fa1dbe22,lower,4.0,black,502.4,2,play,0,3306,13.5,1362,650b03136ab3d4c832d98b71
650b03136ab3d4c832d98b71,9,7413c064-c0e5-4104-89aa-79d64ef9d6d9,same,4.0,black,470.8,0,fight,1,1235,32.83333333333333,1677,650b03136ab3d4c832d98b71
650b03136ab3d4c832d98b71,10,32110051-52cf-4952-a6e5-4c5fe75760b7,same,2.75,grey,522.9,7,play,0,1895,34.0,1242,650b03136ab3d4c832d98b71
650b03136ab3d4c832d98b71,11,04b8ff17-66ff-4d6b-a0aa-a91efebb4368,higher,5.25,black,514.3,4,fight,1,1365,32.666666666666664,1045,650b03136ab3d4c832d98b71
650b03136ab3d4c832d98b71,12,059f8cfb-52c8-47fd-8d26-b0fec58eafae,higher,9.0,grey,483.3,8,fight,1,1054,44.166666666666664,1807,650b03136ab3d4c832d98b71
650b03136ab3d4c832d98b71,13,3fd185a3-34a1-4f1a-9d01-aee3deee3988,same,2.75,black,472.9,0,play,0,538,57.166666666666664,2793,650b03136ab3d4c832d98b71
650b03136ab3d4c832d98b71,14,2d3d47a2-03c8-4642-84ec-a8f67c64868c,same,5.25,black,483.3,1,fight,1,1195,32.33333333333333,2054,650b03136ab3d4c832d98b71
650b03136ab3d4c832d98b71,15,81e3fe3f-5a7c-42d3-8ea7-c2bf3831288b,higher,1.5,black,513.9,4,play,0,570,54.166666666666664,1406,650b03136ab3d4c832d98b71
650b03136ab3d4c832d98b71,16,39d4c0f1-9195-4761-98c6-457bad8a2291,higher,5.25,black,514.3,2,fight,1,759,41.0,1662,650b03136ab3d4c832d98b71
650b03136ab3d4c832d98b71,17,0890b767-b394-4f89-aea1-c60cab7014af,higher,4.0,grey,526.2,9,play,0,870,17.333333333333336,1462,650b03136ab3d4c832d98b71
650b03136ab3d4c832d98b71,18,5dd4bcf1-ee00-4ee7-8a76-483bdc62202c,lower,4.0,grey,479.2,8,fight,1,2017,16.166666666666664,1156,650b03136ab3d4c832d98b71
650b03136ab3d4c832d98b71,19,5f5a825b-b433-4986-b5d6-5239eb407d32,lower,5.25,grey,475.0,7,fight,1,1284,51.83333333333333,4312,650b03136ab3d4c832d98b71
650b03136ab3d4c832d98b71,20,81e3fe3f-5a7c-42d3-8ea7-c2bf3831288b,same,1.5,black,513.9,4,play,0,811,56.99999999999999,1927,650b03136ab3d4c832d98b71
650b03136ab3d4c832d98b71,21,46786fd0-ca59-4ffa-a772-fe489fdbd94c,lower,5.25,grey,468.8,9,play,0,946,28.166666666666668,1583,650b03136ab3d4c832d98b71
650b03136ab3d4c832d98b71,22,4a2adf87-0f15-4bc0-9837-899addfb179c,lower,2.75,black,512.5,4,play,0,595,53.833333333333336,2823,650b03136ab3d4c832d98b71
650b03136ab3d4c832d98b71,23,8a889364-bfa4-42f7-8d4c-ee7478ea863c,higher,5.25,black,509.5,0,play,0,901,29.666666666666668,1739,650b03136ab3d4c832d98b71
650b03136ab3d4c832d98b71,24,8a889364-bfa4-42f7-8d4c-ee7478ea863c,lower,5.25,black,509.5,0,play,0,1251,35.66666666666667,2066,650b03136ab3d4c832d98b71
650b03136ab3d4c832d98b71,25,42a6675b-868f-488d-a671-17a04c97ab01,higher,2.75,black,500.0,2,fight,1,2705,15.5,1705,650b03136ab3d4c832d98b71
650b03136ab3d4c832d98b71,26,8649b489-429a-4894-9c74-827e94f04566,same,9.0,grey,528.6,8,fight,1,994,53.166666666666664,1442,650b03136ab3d4c832d98b71
650b03136ab3d4c832d98b71,27,8bee64f6-a3cb-48f4-be48-142b9065f5d7,higher,6.5,black,507.1,0,fight,1,1595,34.833333333333336,1288,650b03136ab3d4c832d98b71
650b03136ab3d4c832d98b71,28,2c174300-1111-477c-b605-e34e6031cd26,lower,6.5,grey,478.6,6,fight,1,2243,35.16666666666667,1801,650b03136ab3d4c832d98b71
650b03136ab3d4c832d98b71,29,8bee64f6-a3cb-48f4-be48-142b9065f5d7,lower,6.5,black,507.1,0,fight,1,1603,37.666666666666664,1678,650b03136ab3d4c832d98b71
650b03136ab3d4c832d98b71,30,70326c05-1133-4c5d-8a4c-3e71e0da8479,same,4.0,black,528.6,0,play,0,1289,51.0,1931,650b03136ab3d4c832d98b71
650b03136ab3d4c832d98b71,31,96c2a684-adc3-4f98-8b2a-c19c48e7f5a9,same,4.0,grey,509.5,9,fight,1,1301,31.5,1199,650b03136ab3d4c832d98b71
650b03136ab3d4c832d98b71,32,ed3846d1-c7e9-4e73-a1ab-cd413d18c0b8,higher,6.5,black,509.5,3,play,0,1593,23.0,1323,650b03136ab3d4c832d98b71
650b03136ab3d4c832d98b71,33,91327185-f59e-4ae7-a000-fd66526bab82,lower,9.0,black,485.7,4,fight,1,2275,14.666666666666666,1433,650b03136ab3d4c832d98b71
650b03136ab3d4c832d98b71,34,4cf04acf-6776-453a-a811-1c5e51c2ece4,same,5.25,black,525.9,3,fight,1,4127,20.333333333333332,1233,650b03136ab3d4c832d98b71
650b03136ab3d4c832d98b71,35,534a6ddb-dbec-42ac-b559-3f4cbdd66423,same,7.75,black,541.7,1,play,0,1880,7.333333333333333,1790,650b03136ab3d4c832d98b71
650b03136ab3d4c832d98b71,36,96c2a684-adc3-4f98-8b2a-c19c48e7f5a9,lower,4.0,grey,509.5,9,fight,1,1579,21.666666666666668,1865,650b03136ab3d4c832d98b71
650b03136ab3d4c832d98b71,37,9f7e489f-4076-4332-b57e-13a42d4c75fd,lower,9.0,black,466.7,0,fight,1,1955,13.166666666666666,2510,650b03136ab3d4c832d98b71
650b03136ab3d4c832d98b71,38,70326c05-1133-4c5d-8a4c-3e71e0da8479,higher,4.0,black,528.6,0,fight,1,1779,13.333333333333334,1298,650b03136ab3d4c832d98b71
650b03136ab3d4c832d98b71,39,09060d5d-c3e1-451b-a3b5-4b2b567660ff,same,7.75,grey,478.6,8,fight,1,833,24.333333333333336,1338,650b03136ab3d4c832d98b71
650b03136ab3d4c832d98b71,40,13e24563-ab7e-41df-adf6-e8e88b4d9e08,same,6.5,grey,477.1,9,play,0,1803,16.666666666666664,1335,650b03136ab3d4c832d98b71
650b03136ab3d4c832d98b71,41,86e26a06-c6f9-47dc-bc1f-1c78f1f93251,lower,4.0,black,473.8,2,fight,1,1255,22.833333333333332,1490,650b03136ab3d4c832d98b71
650b03136ab3d4c832d98b71,42,8e0deaa9-1ac5-4e69-817a-3204f157f360,lower,5.25,grey,498.1,6,fight,1,991,22.666666666666664,1693,650b03136ab3d4c832d98b71
650b03136ab3d4c832d98b71,43,91327185-f59e-4ae7-a000-fd66526bab82,higher,9.0,black,485.7,4,fight,1,531,56.333333333333336,1322,650b03136ab3d4c832d98b71
650b03136ab3d4c832d98b71,44,96c2a684-adc3-4f98-8b2a-c19c48e7f5a9,higher,4.0,grey,509.5,9,play,0,1471,27.0,1452,650b03136ab3d4c832d98b71
650b03136ab3d4c832d98b71,45,453a1fa5-895a-4a5e-a4cf-25c0a35d74d2,same,7.75,black,497.6,1,fight,1,1181,31.0,1399,650b03136ab3d4c832d98b71
650b03136ab3d4c832d98b71,46,0a4312a1-7156-4c68-9698-0f1495558bee,higher,5.25,grey,497.9,8,fight,1,1954,32.166666666666664,1152,650b03136ab3d4c832d98b71
650b03136ab3d4c832d98b71,47,88ff8e25-5b4f-453c-add2-298ef66c683c,lower,2.75,grey,510.4,9,play,0,1582,15.833333333333332,1487,650b03136ab3d4c832d98b71
650b03136ab3d4c832d98b71,48,a57832a0-0b6a-4bdf-a636-adf042cd3fcc,lower,7.75,grey,485.7,6,fight,1,1708,29.166666666666668,2159,650b03136ab3d4c832d98b71
650b03136ab3d4c832d98b71,49,8b72023d-88b1-4615-b871-cac794edf1d9,higher,5.25,black,521.4,2,fight,1,909,38.83333333333333,1334,650b03136ab3d4c832d98b71
650b03136ab3d4c832d98b71,50,9f53cd68-f278-45d6-806a-74eeef55bbcc,same,4.0,grey,519.0,5,fight,1,783,40.666666666666664,2473,650b03136ab3d4c832d98b71
650b03136ab3d4c832d98b71,51,bcca6dd9-a0e7-4373-9ebc-93e6e619ca4a,higher,2.75,black,489.6,1,fight,1,2713,34.166666666666664,2171,650b03136ab3d4c832d98b71
650b03136ab3d4c832d98b71,52,a0007ede-8266-4a38-bf86-2a3e66d5d5d4,same,4.0,grey,475.0,5,play,0,635,35.5,1332,650b03136ab3d4c832d98b71
650b03136ab3d4c832d98b71,53,981d9d90-47c5-4443-a939-26060914c7e4,higher,7.75,black,483.3,4,fight,1,2480,47.0,1835,650b03136ab3d4c832d98b71
650b03136ab3d4c832d98b71,54,8845e64c-078b-4a3a-a732-1efe937de14a,higher,7.75,grey,500.0,8,fight,1,962,53.833333333333336,1998,650b03136ab3d4c832d98b71
650b03136ab3d4c832d98b71,55,215ead11-5650-429d-b541-0b107fbb996a,higher,2.75,grey,505.6,7,play,0,2934,20.333333333333332,1193,650b03136ab3d4c832d98b71
650b03136ab3d4c832d98b71,56,9f7e489f-4076-4332-b57e-13a42d4c75fd,same,9.0,black,466.7,0,fight,1,5688,25.0,1436,650b03136ab3d4c832d98b71
650b03136ab3d4c832d98b71,57,9ed3a785-369e-4eb1-b5ca-50d2602a44d4,same,5.25,grey,476.2,9,play,0,1460,34.166666666666664,1238,650b03136ab3d4c832d98b71
650b03136ab3d4c832d98b71,58,32110051-52cf-4952-a6e5-4c5fe75760b7,higher,2.75,grey,522.9,7,fight,1,1024,35.66666666666667,1626,650b03136ab3d4c832d98b71
650b03136ab3d4c832d98b71,59,8a889364-bfa4-42f7-8d4c-ee7478ea863c,same,5.25,black,509.5,0,fight,1,764,25.666666666666664,1194,650b03136ab3d4c832d98b71
650b03136ab3d4c832d98b71,60,46786fd0-ca59-4ffa-a772-fe489fdbd94c,same,5.25,grey,468.8,9,play,0,902,54.50000000000001,1486,650b03136ab3d4c832d98b71
650b03136ab3d4c832d98b71,61,2abe0875-f8ff-4373-aad8-bca142211a09,lower,9.0,black,466.7,2,fight,1,6318,34.333333333333336,1448,650b03136ab3d4c832d98b71
650b03136ab3d4c832d98b71,62,1f6c6525-a740-48c2-8dfc-9c4fb520c630,same,1.5,black,554.2,4,play,0,599,57.49999999999999,1186,650b03136ab3d4c832d98b71
650b03136ab3d4c832d98b71,63,04b8ff17-66ff-4d6b-a0aa-a91efebb4368,lower,5.25,black,514.3,4,play,0,569,40.166666666666664,2800,650b03136ab3d4c832d98b71
650b03136ab3d4c832d98b71,64,3dbdd697-e200-4003-92f8-47202577ad0a,lower,7.75,black,507.1,4,fight,1,16618,17.833333333333336,1971,650b03136ab3d4c832d98b71
650b03136ab3d4c832d98b71,65,2abe0875-f8ff-4373-aad8-bca142211a09,higher,9.0,black,466.7,2,fight,1,1171,7.166666666666667,1955,650b03136ab3d4c832d98b71
650b03136ab3d4c832d98b71,66,d3cc8306-21ab-4f88-ae4f-3970e4cd53ea,higher,1.5,grey,471.4,7,play,0,919,34.333333333333336,3447,650b03136ab3d4c832d98b71
650b03136ab3d4c832d98b71,67,2d84acc9-9c9b-441c-9a1a-c901bc48b88f,lower,7.75,grey,509.5,7,play,0,1381,36.833333333333336,1664,650b03136ab3d4c832d98b71
650b03136ab3d4c832d98b71,68,81e3fe3f-5a7c-42d3-8ea7-c2bf3831288b,lower,1.5,black,513.9,4,play,0,1671,56.333333333333336,1564,650b03136ab3d4c832d98b71
650b03136ab3d4c832d98b71,69,8845e64c-078b-4a3a-a732-1efe937de14a,lower,7.75,grey,500.0,8,fight,1,4777,22.5,1602,650b03136ab3d4c832d98b71
650b03136ab3d4c832d98b71,70,187f8493-9a30-43cc-a2bd-5d96f6d2263d,same,6.5,black,516.7,0,fight,1,13652,41.5,1399,650b03136ab3d4c832d98b71
650b03136ab3d4c832d98b71,71,9f53cd68-f278-45d6-806a-74eeef55bbcc,higher,4.0,grey,519.0,5,fight,1,1560,63.5,1142,650b03136ab3d4c832d98b71
650b03136ab3d4c832d98b71,72,88ff8e25-5b4f-453c-add2-298ef66c683c,higher,2.75,grey,510.4,9,play,0,2005,53.0,1819,650b03136ab3d4c832d98b71
650b03136ab3d4c832d98b71,73,ed3846d1-c7e9-4e73-a1ab-cd413d18c0b8,same,6.5,black,509.5,3,play,0,862,56.333333333333336,1038,650b03136ab3d4c832d98b71
650b03136ab3d4c832d98b71,74,86e26a06-c6f9-47dc-bc1f-1c78f1f93251,higher,4.0,black,473.8,2,play,0,2090,58.5,1103,650b03136ab3d4c832d98b71
650b03136ab3d4c832d98b71,75,8649b489-429a-4894-9c74-827e94f04566,lower,9.0,grey,528.6,8,play,0,1714,29.166666666666668,1910,650b03136ab3d4c832d98b71
650b03136ab3d4c832d98b71,76,9f53cd68-f278-45d6-806a-74eeef55bbcc,lower,4.0,grey,519.0,5,fight,1,839,69.83333333333334,4775,650b03136ab3d4c832d98b71
650b03136ab3d4c832d98b71,77,0a4312a1-7156-4c68-9698-0f1495558bee,lower,5.25,grey,497.9,8,fight,1,2041,42.333333333333336,1684,650b03136ab3d4c832d98b71
650b03136ab3d4c832d98b71,78,384dc3de-9717-4531-83a1-683588fe1381,higher,5.25,black,485.4,1,fight,1,2343,55.666666666666664,1203,650b03136ab3d4c832d98b71
650b03136ab3d4c832d98b71,79,a57832a0-0b6a-4bdf-a636-adf042cd3fcc,higher,7.75,grey,485.7,6,fight,1,909,36.666666666666664,1161,650b03136ab3d4c832d98b71
650b03136ab3d4c832d98b71,80,1827c058-6388-491a-b84c-d4d6c512039e,same,6.5,grey,488.1,8,play,0,2914,32.0,1648,650b03136ab3d4c832d98b71
650b03136ab3d4c832d98b71,81,50781782-fbf2-4226-a593-5173be906638,same,4.0,black,514.3,4,play,0,7540,25.166666666666664,1481,650b03136ab3d4c832d98b71
650b03136ab3d4c832d98b71,82,3dbdd697-e200-4003-92f8-47202577ad0a,higher,7.75,black,507.1,4,play,0,1519,15.833333333333332,1589,650b03136ab3d4c832d98b71
650b03136ab3d4c832d98b71,83,2abe0875-f8ff-4373-aad8-bca142211a09,same,9.0,black,466.7,2,fight,1,1500,7.000000000000001,1404,650b03136ab3d4c832d98b71
650b03136ab3d4c832d98b71,84,1d41f125-7386-42b4-8250-f6c540c627a8,same,4.0,black,510.4,4,play,0,1154,18.333333333333332,1361,650b03136ab3d4c832d98b71
650b03136ab3d4c832d98b71,85,15dfbaca-4429-4c18-90f4-8d4804129e6f,same,1.5,black,488.1,1,play,0,824,54.666666666666664,1154,650b03136ab3d4c832d98b71
650b03136ab3d4c832d98b71,86,7e595f18-f375-4ca5-b922-61b8d693804d,higher,1.5,black,520.4,1,play,0,905,69.0,2880,650b03136ab3d4c832d98b71
650b03136ab3d4c832d98b71,87,d3cc8306-21ab-4f88-ae4f-3970e4cd53ea,lower,1.5,grey,471.4,7,play,0,814,58.833333333333336,1726,650b03136ab3d4c832d98b71
650b03136ab3d4c832d98b71,88,215ead11-5650-429d-b541-0b107fbb996a,lower,2.75,grey,505.6,7,play,0,753,61.5,1557,650b03136ab3d4c832d98b71
650b03136ab3d4c832d98b71,89,8e6be05b-c10c-43db-b062-a559f5033312,lower,9.0,grey,488.1,6,fight,1,905,56.00000000000001,2018,650b03136ab3d4c832d98b71
650b03136ab3d4c832d98b71,90,2c174300-1111-477c-b605-e34e6031cd26,higher,6.5,grey,478.6,6,fight,1,1099,24.5,1739,650b03136ab3d4c832d98b71
650b03136ab3d4c832d98b71,91,82cc23d1-ba4b-48c5-995a-a30d865ea249,same,5.25,grey,475.0,7,fight,1,1841,24.833333333333332,1202,650b03136ab3d4c832d98b71
650b03136ab3d4c832d98b71,92,5b2465b2-47b6-4cc7-b06f-c362ff7454f8,same,9.0,black,490.5,0,fight,1,749,9.333333333333334,1478,650b03136ab3d4c832d98b71
650b03136ab3d4c832d98b71,93,7413c064-c0e5-4104-89aa-79d64ef9d6d9,lower,4.0,black,470.8,0,play,0,755,55.833333333333336,1794,650b03136ab3d4c832d98b71
650b03136ab3d4c832d98b71,94,27f4d7f8-d998-48b2-a3e4-f885f21c713d,same,5.25,grey,528.6,6,fight,1,674,30.5,1172,650b03136ab3d4c832d98b71
650b03136ab3d4c832d98b71,95,a0007ede-8266-4a38-bf86-2a3e66d5d5d4,higher,4.0,grey,475.0,5,play,0,888,68.66666666666667,1259,650b03136ab3d4c832d98b71
650b03136ab3d4c832d98b71,96,8b72023d-88b1-4615-b871-cac794edf1d9,lower,5.25,black,521.4,2,play,0,743,8.5,1372,650b03136ab3d4c832d98b71
650b03136ab3d4c832d98b71,97,755a600e-d336-4f66-8771-52eed84faf02,higher,6.5,black,502.1,1,fight,1,1437,18.666666666666668,1364,650b03136ab3d4c832d98b71
650b03136ab3d4c832d98b71,98,32110051-52cf-4952-a6e5-4c5fe75760b7,lower,2.75,grey,522.9,7,play,0,1731,14.833333333333334,1210,650b03136ab3d4c832d98b71
650b03136ab3d4c832d98b71,99,0890b767-b394-4f89-aea1-c60cab7014af,lower,4.0,grey,526.2,9,fight,1,664,41.66666666666667,1897,650b03136ab3d4c832d98b71
650b03136ab3d4c832d98b71,100,5dd4bcf1-ee00-4ee7-8a76-483bdc62202c,higher,4.0,grey,479.2,8,fight,1,547,35.333333333333336,1514,650b03136ab3d4c832d98b71
650b03136ab3d4c832d98b71,101,42a6675b-868f-488d-a671-17a04c97ab01,lower,2.75,black,500.0,2,play,0,8561,9.833333333333332,1591,650b03136ab3d4c832d98b71
650b03136ab3d4c832d98b71,102,8e0deaa9-1ac5-4e69-817a-3204f157f360,higher,5.25,grey,498.1,6,play,0,2435,28.666666666666668,1582,650b03136ab3d4c832d98b71
650b03136ab3d4c832d98b71,103,534a6ddb-dbec-42ac-b559-3f4cbdd66423,higher,7.75,black,541.7,1,fight,1,634,55.666666666666664,1049,650b03136ab3d4c832d98b71
650b03136ab3d4c832d98b71,104,e838dadb-c02f-4273-ae93-210720dcd06c,same,1.5,grey,475.9,9,play,0,1942,56.833333333333336,1857,650b03136ab3d4c832d98b71
650b03136ab3d4c832d98b71,105,fb491605-8f46-43ab-ba62-bfd86d95e4d6,higher,4.0,black,468.8,1,play,0,1037,22.166666666666668,1611,650b03136ab3d4c832d98b71
650b03136ab3d4c832d98b71,106,114b2369-dce5-4979-8319-c64c85175e6a,same,4.0,grey,477.1,7,play,0,821,53.166666666666664,2318,650b03136ab3d4c832d98b71
650b03136ab3d4c832d98b71,107,c496efe1-6c3e-480d-856f-af132dbe7048,same,2.75,black,493.7,2,play,0,784,24.333333333333336,1095,650b03136ab3d4c832d98b71
650b03136ab3d4c832d98b71,108,e3160d16-fe5e-4987-918b-0921ab937804,lower,6.5,black,507.1,4,play,0,1496,28.666666666666668,1218,650b03136ab3d4c832d98b71
650b03136ab3d4c832d98b71,109,755a600e-d336-4f66-8771-52eed84faf02,lower,6.5,black,502.1,1,fight,1,585,18.166666666666668,1502,650b03136ab3d4c832d98b71
650b03136ab3d4c832d98b71,110,132133b4-5554-4500-9494-87f534100012,same,9.0,grey,483.3,5,fight,1,635,55.833333333333336,1376,650b03136ab3d4c832d98b71
650b03136ab3d4c832d98b71,111,9d425f58-501f-43f3-955e-05126bd09bb5,same,1.5,grey,525.0,7,play,0,494,41.833333333333336,2421,650b03136ab3d4c832d98b71
650b03136ab3d4c832d98b71,112,e3160d16-fe5e-4987-918b-0921ab937804,higher,6.5,black,507.1,4,play,0,1524,33.166666666666664,1424,650b03136ab3d4c832d98b71
650b03136ab3d4c832d98b71,113,95aaf072-b6be-4da4-9857-deaf20ab49f2,lower,1.5,grey,471.4,7,play,0,707,38.166666666666664,1512,650b03136ab3d4c832d98b71
650b03136ab3d4c832d98b71,114,40860eea-1c44-4896-96b1-ee2d42a6c522,same,6.5,black,490.5,4,fight,1,648,22.333333333333332,1635,650b03136ab3d4c832d98b71
650b03136ab3d4c832d98b71,115,112b96b3-6518-4053-ad9f-ff77320acc23,same,2.75,black,481.5,4,play,0,641,1.8333333333333333,1654,650b03136ab3d4c832d98b71
650b03136ab3d4c832d98b71,116,39d4c0f1-9195-4761-98c6-457bad8a2291,lower,5.25,black,514.3,2,play,0,581,21.166666666666668,1260,650b03136ab3d4c832d98b71
650b03136ab3d4c832d98b71,117,5456278f-d454-4194-af69-2784112cffb9,lower,6.5,grey,481.0,9,play,0,1301,28.166666666666668,1375,650b03136ab3d4c832d98b71
650b03136ab3d4c832d98b71,118,13e24563-ab7e-41df-adf6-e8e88b4d9e08,lower,6.5,grey,477.1,9,fight,1,629,57.833333333333336,1138,650b03136ab3d4c832d98b71
650b03136ab3d4c832d98b71,119,9f7e489f-4076-4332-b57e-13a42d4c75fd,higher,9.0,black,466.7,0,fight,1,529,57.666666666666664,1675,650b03136ab3d4c832d98b71
650b03136ab3d4c832d98b71,120,d98f2d5f-eb3b-4ebd-b714-878343382f2a,same,6.5,black,495.8,3,fight,1,555,62.5,947,650b03136ab3d4c832d98b71
650b03136ab3d4c832d98b71,121,a0007ede-8266-4a38-bf86-2a3e66d5d5d4,lower,4.0,grey,475.0,5,fight,1,1247,57.833333333333336,1880,650b03136ab3d4c832d98b71
650b03136ab3d4c832d98b71,122,7e595f18-f375-4ca5-b922-61b8d693804d,lower,1.5,black,520.4,1,play,0,563,1.6666666666666667,1136,650b03136ab3d4c832d98b71
650b03136ab3d4c832d98b71,123,059f8cfb-52c8-47fd-8d26-b0fec58eafae,lower,9.0,grey,483.3,8,play,0,1644,0.0,1470,650b03136ab3d4c832d98b71
650b03136ab3d4c832d98b71,124,e838dadb-c02f-4273-ae93-210720dcd06c,higher,1.5,grey,475.9,9,fight,1,1328,51.83333333333333,1345,650b03136ab3d4c832d98b71
650b03136ab3d4c832d98b71,125,204d8c5c-c9ac-4aef-956d-74de8c6eedc4,same,2.75,grey,496.3,6,fight,1,1994,28.333333333333332,1241,650b03136ab3d4c832d98b71
650b03136ab3d4c832d98b71,126,a57832a0-0b6a-4bdf-a636-adf042cd3fcc,same,7.75,grey,485.7,6,fight,1,2490,19.0,1415,650b03136ab3d4c832d98b71
650b03136ab3d4c832d98b71,127,48fe3ca9-b1df-491d-bef9-6d9c5edee227,same,4.0,grey,470.8,9,fight,1,988,30.333333333333336,1393,650b03136ab3d4c832d98b71
650b03136ab3d4c832d98b71,128,f45daf2e-6d4e-4a6f-ab5b-1829d67d93fe,same,9.0,grey,498.3,5,play,0,1164,17.833333333333336,1167,650b03136ab3d4c832d98b71
650b03136ab3d4c832d98b71,129,93e661c0-3f68-4205-9141-04164911b7e4,lower,6.5,grey,528.6,9,fight,1,852,17.5,1852,650b03136ab3d4c832d98b71
650b03136ab3d4c832d98b71,130,9cf1ba8f-113d-408d-831d-4cf31ca51b3b,higher,5.25,grey,526.2,5,fight,1,807,55.666666666666664,1151,650b03136ab3d4c832d98b71
650b03136ab3d4c832d98b71,131,5456278f-d454-4194-af69-2784112cffb9,higher,6.5,grey,481.0,9,fight,1,504,58.5,1151,650b03136ab3d4c832d98b71
650b03136ab3d4c832d98b71,132,13e24563-ab7e-41df-adf6-e8e88b4d9e08,higher,6.5,grey,477.1,9,fight,1,457,58.833333333333336,1207,650b03136ab3d4c832d98b71
650b03136ab3d4c832d98b71,133,46786fd0-ca59-4ffa-a772-fe489fdbd94c,higher,5.25,grey,468.8,9,fight,1,555,59.5,1460,650b03136ab3d4c832d98b71
650b03136ab3d4c832d98b71,134,40860eea-1c44-4896-96b1-ee2d42a6c522,higher,6.5,black,490.5,4,fight,1,818,28.000000000000004,1261,650b03136ab3d4c832d98b71
650b03136ab3d4c832d98b71,135,7413c064-c0e5-4104-89aa-79d64ef9d6d9,higher,4.0,black,470.8,0,fight,1,550,19.666666666666664,2838,650b03136ab3d4c832d98b71
650b03136ab3d4c832d98b71,136,40860eea-1c44-4896-96b1-ee2d42a6c522,lower,6.5,black,490.5,4,play,0,804,0.0,1315,650b03136ab3d4c832d98b71
650b03136ab3d4c832d98b71,137,e2c787c5-5358-4a21-bb35-c422b37ef982,same,6.5,grey,528.6,5,play,0,1299,31.333333333333336,1524,650b03136ab3d4c832d98b71
650b03136ab3d4c832d98b71,138,384dc3de-9717-4531-83a1-683588fe1381,lower,5.25,black,485.4,1,fight,1,831,33.5,953,650b03136ab3d4c832d98b71
650b03136ab3d4c832d98b71,139,93e661c0-3f68-4205-9141-04164911b7e4,higher,6.5,grey,528.6,9,fight,1,675,24.5,1516,650b03136ab3d4c832d98b71
650b03136ab3d4c832d98b71,140,9cf1ba8f-113d-408d-831d-4cf31ca51b3b,lower,5.25,grey,526.2,5,fight,1,677,37.666666666666664,1858,650b03136ab3d4c832d98b71
650b03136ab3d4c832d98b71,141,1f6c6525-a740-48c2-8dfc-9c4fb520c630,higher,1.5,black,554.2,4,fight,1,682,63.16666666666667,1833,650b03136ab3d4c832d98b71
650b03136ab3d4c832d98b71,142,e3160d16-fe5e-4987-918b-0921ab937804,same,6.5,black,507.1,4,fight,1,789,71.0,1654,650b03136ab3d4c832d98b71
650b03136ab3d4c832d98b71,143,5456278f-d454-4194-af69-2784112cffb9,same,6.5,grey,481.0,9,play,0,723,29.166666666666668,1624,650b03136ab3d4c832d98b71
650b03136ab3d4c832d98b71,144,384dc3de-9717-4531-83a1-683588fe1381,same,5.25,black,485.4,1,fight,1,1161,26.333333333333332,1948,650b03136ab3d4c832d98b71
650b03136ab3d4c832d98b71,145,95aaf072-b6be-4da4-9857-deaf20ab49f2,same,1.5,grey,471.4,7,play,0,957,0.0,1171,650b03136ab3d4c832d98b71
650b03136ab3d4c832d98b71,146,609aaddc-b0c4-4442-b4ef-ba29fa1dbe22,higher,4.0,black,502.4,2,fight,1,605,60.5,1318,650b03136ab3d4c832d98b71
650b03136ab3d4c832d98b71,147,94eac034-9d70-40c0-89d4-d9a030a03d26,same,2.75,grey,527.1,5,play,0,1050,16.166666666666664,1067,650b03136ab3d4c832d98b71
650b03136ab3d4c832d98b71,148,8e6be05b-c10c-43db-b062-a559f5033312,higher,9.0,grey,488.1,6,fight,1,544,69.16666666666667,994,650b03136ab3d4c832d98b71
650b03136ab3d4c832d98b71,149,86e934a2-75ef-4084-a167-ce0ca737532d,same,5.25,grey,523.8,7,play,0,621,60.5,1258,650b03136ab3d4c832d98b71
650b03136ab3d4c832d98b71,150,ed3846d1-c7e9-4e73-a1ab-cd413d18c0b8,lower,6.5,black,509.5,3,play,0,1227,14.000000000000002,1466,650b03136ab3d4c832d98b71
650b03136ab3d4c832d98b71,151,2d84acc9-9c9b-441c-9a1a-c901bc48b88f,higher,7.75,grey,509.5,7,fight,1,618,60.0,1083,650b03136ab3d4c832d98b71
650b03136ab3d4c832d98b71,152,534a6ddb-dbec-42ac-b559-3f4cbdd66423,lower,7.75,black,541.7,1,fight,1,643,40.166666666666664,1253,650b03136ab3d4c832d98b71
650b03136ab3d4c832d98b71,153,68382d9c-6cc5-4669-84bf-c8058e3c1472,same,4.0,black,490.5,1,play,0,530,22.5,1326,650b03136ab3d4c832d98b71
650b03136ab3d4c832d98b71,154,981d9d90-47c5-4443-a939-26060914c7e4,lower,7.75,black,483.3,4,play,0,743,22.833333333333332,1265,650b03136ab3d4c832d98b71
650b03136ab3d4c832d98b71,155,95aaf072-b6be-4da4-9857-deaf20ab49f2,higher,1.5,grey,471.4,7,fight,1,609,0.0,1033,650b03136ab3d4c832d98b71
650b03136ab3d4c832d98b71,156,1f6c6525-a740-48c2-8dfc-9c4fb520c630,lower,1.5,black,554.2,4,play,0,784,35.333333333333336,1057,650b03136ab3d4c832d98b71
650b03136ab3d4c832d98b71,157,8649b489-429a-4894-9c74-827e94f04566,higher,9.0,grey,528.6,8,fight,1,637,61.33333333333333,1263,650b03136ab3d4c832d98b71
650b03136ab3d4c832d98b71,158,debe6245-13a4-4a31-b28a-e7b25ce8fa93,higher,6.5,grey,478.6,8,fight,1,1909,58.166666666666664,1604,650b03136ab3d4c832d98b71
650b03136ab3d4c832d98b71,159,bcca6dd9-a0e7-4373-9ebc-93e6e619ca4a,lower,2.75,black,489.6,1,fight,1,1130,24.333333333333336,1607,650b03136ab3d4c832d98b71
650b03136ab3d4c832d98b71,160,65eed33d-db39-4b87-b8a4-de20693d3821,same,7.75,black,469.0,2,play,0,890,26.0,1064,650b03136ab3d4c832d98b71
650b03136ab3d4c832d98b71,161,70326c05-1133-4c5d-8a4c-3e71e0da8479,lower,4.0,black,528.6,0,fight,1,547,15.5,1663,650b03136ab3d4c832d98b71
650b03136ab3d4c832d98b71,162,5f5a825b-b433-4986-b5d6-5239eb407d32,higher,5.25,grey,475.0,7,fight,1,626,57.666666666666664,1125,650b03136ab3d4c832d98b71
66465c850d9a3e177f2649fa,1,4a2adf87-0f15-4bc0-9837-899addfb179c,same,2.75,black,512.5,4,fight,1,2555,13.5,2201,66465c850d9a3e177f2649fa
66465c850d9a3e177f2649fa,2,39d4c0f1-9195-4761-98c6-457bad8a2291,same,5.25,black,514.3,2,fight,1,2697,27.166666666666668,2663,66465c850d9a3e177f2649fa
66465c850d9a3e177f2649fa,3,8bee64f6-a3cb-48f4-be48-142b9065f5d7,higher,6.5,black,507.1,0,play,0,3743,12.833333333333332,2854,66465c850d9a3e177f2649fa
66465c850d9a3e177f2649fa,4,50bec0a0-7e7c-4edd-a8eb-394750dbdb77,lower,4.0,grey,528.6,8,play,0,1200,80.33333333333333,2398,66465c850d9a3e177f2649fa
66465c850d9a3e177f2649fa,5,1d41f125-7386-42b4-8250-f6c540c627a8,same,4.0,black,510.4,4,play,0,2388,66.5,2065,66465c850d9a3e177f2649fa
66465c850d9a3e177f2649fa,6,8b72023d-88b1-4615-b871-cac794edf1d9,higher,5.25,black,521.4,2,fight,1,4211,67.5,2408,66465c850d9a3e177f2649fa
66465c850d9a3e177f2649fa,7,50781782-fbf2-4226-a593-5173be906638,lower,4.0,black,514.3,4,fight,1,1529,86.66666666666667,2346,66465c850d9a3e177f2649fa
66465c850d9a3e177f2649fa,8,384dc3de-9717-4531-83a1-683588fe1381,lower,5.25,black,485.4,1,fight,1,4656,82.5,2555,66465c850d9a3e177f2649fa
66465c850d9a3e177f2649fa,9,39d4c0f1-9195-4761-98c6-457bad8a2291,lower,5.25,black,514.3,2,fight,1,2832,63.83333333333333,2498,66465c850d9a3e177f2649fa
66465c850d9a3e177f2649fa,10,1a1c3419-9320-46a3-8b48-10e9514c3e7d,higher,4.0,grey,533.3,7,fight,1,3713,100.0,2225,66465c850d9a3e177f2649fa
66465c850d9a3e177f2649fa,11,96c2a684-adc3-4f98-8b2a-c19c48e7f5a9,higher,4.0,grey,509.5,9,play,0,1214,25.0,2335,66465c850d9a3e177f2649fa
66465c850d9a3e177f2649fa,12,b3a507ff-2289-4ad3-8922-1a3d0532e154,lower,1.5,grey,516.7,6,play,0,1088,100.0,1999,66465c850d9a3e177f2649fa
66465c850d9a3e177f2649fa,13,059f8cfb-52c8-47fd-8d26-b0fec58eafae,higher,9.0,grey,483.3,8,fight,1,2386,84.83333333333334,2095,66465c850d9a3e177f2649fa
66465c850d9a3e177f2649fa,14,8a889364-bfa4-42f7-8d4c-ee7478ea863c,same,5.25,black,509.5,0,play,0,1222,63.66666666666667,2477,66465c850d9a3e177f2649fa
66465c850d9a3e177f2649fa,15,fb491605-8f46-43ab-ba62-bfd86d95e4d6,higher,4.0,black,468.8,1,fight,1,3521,72.5,1910,66465c850d9a3e177f2649fa
66465c850d9a3e177f2649fa,16,96c2a684-adc3-4f98-8b2a-c19c48e7f5a9,lower,4.0,grey,509.5,9,play,0,932,93.66666666666667,2840,66465c850d9a3e177f2649fa
66465c850d9a3e177f2649fa,17,88ff8e25-5b4f-453c-add2-298ef66c683c,lower,2.75,grey,510.4,9,play,0,1079,100.0,2161,66465c850d9a3e177f2649fa
66465c850d9a3e177f2649fa,18,0a4312a1-7156-4c68-9698-0f1495558bee,higher,5.25,grey,497.9,8,fight,1,1086,86.0,2421,66465c850d9a3e177f2649fa
66465c850d9a3e177f2649fa,19,6a57f963-5846-4eaa-a5d2-0e658499a4a9,same,9.0,grey,471.4,7,fight,1,1467,100.0,1857,66465c850d9a3e177f2649fa
66465c850d9a3e177f2649fa,20,82cc23d1-ba4b-48c5-995a-a30d865ea249,same,5.25,grey,475.0,7,play,0,938,67.33333333333333,2760,66465c850d9a3e177f2649fa
66465c850d9a3e177f2649fa,21,c496efe1-6c3e-480d-856f-af132dbe7048,same,2.75,black,493.7,2,play,0,1071,88.5,4542,66465c850d9a3e177f2649fa
66465c850d9a3e177f2649fa,22,8ed7c0fc-1490-4e35-a000-7f7357a0772a,higher,1.5,grey,481.5,8,play,0,1286,100.0,2696,66465c850d9a3e177f2649fa
66465c850d9a3e177f2649fa,23,7413c064-c0e5-4104-89aa-79d64ef9d6d9,lower,4.0,black,470.8,0,play,0,7130,68.66666666666667,1735,66465c850d9a3e177f2649fa
66465c850d9a3e177f2649fa,24,0e704828-9ccd-480e-8056-3a2a8158df0f,same,1.5,black,500.0,4,play,0,809,100.0,2118,66465c850d9a3e177f2649fa
66465c850d9a3e177f2649fa,25,29e7c94f-a6bf-4f1d-8ea1-46efbdb6a836,same,1.5,black,474.1,2,play,0,1007,92.0,2164,66465c850d9a3e177f2649fa
66465c850d9a3e177f2649fa,26,8845e64c-078b-4a3a-a732-1efe937de14a,lower,7.75,grey,500.0,8,fight,1,753,94.0,2541,66465c850d9a3e177f2649fa
66465c850d9a3e177f2649fa,27,09060d5d-c3e1-451b-a3b5-4b2b567660ff,higher,7.75,grey,478.6,8,fight,1,802,100.0,2284,66465c850d9a3e177f2649fa
66465c850d9a3e177f2649fa,28,86e934a2-75ef-4084-a167-ce0ca737532d,same,5.25,grey,523.8,7,play,0,844,34.0,2288,66465c850d9a3e177f2649fa
66465c850d9a3e177f2649fa,29,7a2ccf3c-feb4-4b5c-9c03-44c10f774f9a,same,9.0,black,490.5,2,fight,1,1073,81.33333333333333,2219,66465c850d9a3e177f2649fa
66465c850d9a3e177f2649fa,30,2c174300-1111-477c-b605-e34e6031cd26,lower,6.5,grey,478.6,6,fight,1,801,65.83333333333333,2209,66465c850d9a3e177f2649fa
66465c850d9a3e177f2649fa,31,8b72023d-88b1-4615-b871-cac794edf1d9,lower,5.25,black,521.4,2,play,0,910,28.499999999999996,2110,66465c850d9a3e177f2649fa
66465c850d9a3e177f2649fa,32,c49bbdbd-6e52-4da5-887c-72db9cec7d93,higher,2.75,grey,483.3,7,play,0,833,82.5,2803,66465c850d9a3e177f2649fa
66465c850d9a3e177f2649fa,33,88ff8e25-5b4f-453c-add2-298ef66c683c,same,2.75,grey,510.4,9,play,0,1940,69.0,6554,66465c850d9a3e177f2649fa
66465c850d9a3e177f2649fa,34,8dc79a0d-b826-4ac2-8483-04346b06960d,same,2.75,black,518.5,3,play,0,660,100.0,3016,66465c850d9a3e177f2649fa
66465c850d9a3e177f2649fa,35,8e0deaa9-1ac5-4e69-817a-3204f157f360,higher,5.25,grey,498.1,6,fight,1,1270,62.0,2767,66465c850d9a3e177f2649fa
66465c850d9a3e177f2649fa,36,8fa1d226-bf98-4c72-8961-7121546d4a11,same,2.75,grey,516.7,6,play,0,3088,67.16666666666666,2157,66465c850d9a3e177f2649fa
66465c850d9a3e177f2649fa,37,d98f2d5f-eb3b-4ebd-b714-878343382f2a,higher,6.5,black,495.8,3,fight,1,736,88.16666666666667,2457,66465c850d9a3e177f2649fa
66465c850d9a3e177f2649fa,38,16718611-6bca-4e79-8071-94d68c181ba1,higher,9.0,black,471.4,0,fight,1,1590,87.83333333333333,2637,66465c850d9a3e177f2649fa
66465c850d9a3e177f2649fa,39,124d9b3a-acac-4627-93e0-f05b493598f3,same,5.25,black,504.8,4,play,0,3207,11.166666666666666,2378,66465c850d9a3e177f2649fa
66465c850d9a3e177f2649fa,40,04b8ff17-66ff-4d6b-a0aa-a91efebb4368,lower,5.25,black,514.3,4,play,0,1620,72.16666666666667,2681,66465c850d9a3e177f2649fa
66465c850d9a3e177f2649fa,41,085d7298-e568-4752-a909-8eecf82e3ebc,lower,7.75,grey,526.2,7,fight,1,974,23.833333333333336,2432,66465c850d9a3e177f2649fa
66465c850d9a3e177f2649fa,42,8e0deaa9-1ac5-4e69-817a-3204f157f360,lower,5.25,grey,498.1,6,play,0,1066,73.83333333333333,2161,66465c850d9a3e177f2649fa
66465c850d9a3e177f2649fa,43,7c59d616-cf70-400a-8ebd-9b3cdfb854ec,same,6.5,black,475.0,1,fight,1,717,83.16666666666667,1657,66465c850d9a3e177f2649fa
66465c850d9a3e177f2649fa,44,8bee64f6-a3cb-48f4-be48-142b9065f5d7,lower,6.5,black,507.1,0,fight,1,699,72.83333333333334,2309,66465c850d9a3e177f2649fa
66465c850d9a3e177f2649fa,45,16718611-6bca-4e79-8071-94d68c181ba1,lower,9.0,black,471.4,0,fight,1,717,92.16666666666666,1980,66465c850d9a3e177f2649fa
66465c850d9a3e177f2649fa,46,9301277e-6b35-4aa7-bd52-4f56ae0f029b,higher,9.0,black,531.0,1,fight,1,685,100.0,1931,66465c850d9a3e177f2649fa
66465c850d9a3e177f2649fa,47,8845e64c-078b-4a3a-a732-1efe937de14a,higher,7.75,grey,500.0,8,fight,1,694,91.83333333333333,2207,66465c850d9a3e177f2649fa
66465c850d9a3e177f2649fa,48,86e26a06-c6f9-47dc-bc1f-1c78f1f93251,same,4.0,black,473.8,2,play,0,823,84.0,2264,66465c850d9a3e177f2649fa
66465c850d9a3e177f2649fa,49,6a57f963-5846-4eaa-a5d2-0e658499a4a9,lower,9.0,grey,471.4,7,fight,1,685,85.16666666666667,2603,66465c850d9a3e177f2649fa
66465c850d9a3e177f2649fa,50,86e26a06-c6f9-47dc-bc1f-1c78f1f93251,higher,4.0,black,473.8,2,play,0,1244,78.33333333333333,2225,66465c850d9a3e177f2649fa
66465c850d9a3e177f2649fa,51,65eed33d-db39-4b87-b8a4-de20693d3821,same,7.75,black,469.0,2,fight,1,1456,53.0,2770,66465c850d9a3e177f2649fa
66465c850d9a3e177f2649fa,52,d445e5d9-95ae-4a8f-a6bf-53380fef78b4,higher,2.75,black,512.5,0,play,0,1085,65.83333333333333,3327,66465c850d9a3e177f2649fa
66465c850d9a3e177f2649fa,53,1b4e0da1-e8b8-4342-8d4f-9d2a551e7fed,higher,5.25,grey,497.6,9,fight,1,779,32.33333333333333,2402,66465c850d9a3e177f2649fa
66465c850d9a3e177f2649fa,54,9f53cd68-f278-45d6-806a-74eeef55bbcc,lower,4.0,grey,519.0,5,play,0,1002,67.33333333333333,2206,66465c850d9a3e177f2649fa
66465c850d9a3e177f2649fa,55,755a600e-d336-4f66-8771-52eed84faf02,higher,6.5,black,502.1,1,fight,1,855,62.0,2360,66465c850d9a3e177f2649fa
66465c850d9a3e177f2649fa,56,27f4d7f8-d998-48b2-a3e4-f885f21c713d,same,5.25,grey,528.6,6,fight,1,1334,37.666666666666664,2700,66465c850d9a3e177f2649fa
66465c850d9a3e177f2649fa,57,29e7c94f-a6bf-4f1d-8ea1-46efbdb6a836,lower,1.5,black,474.1,2,play,0,1627,74.33333333333333,2382,66465c850d9a3e177f2649fa
66465c850d9a3e177f2649fa,58,7c59d616-cf70-400a-8ebd-9b3cdfb854ec,lower,6.5,black,475.0,1,fight,1,1635,60.333333333333336,5172,66465c850d9a3e177f2649fa
66465c850d9a3e177f2649fa,59,09060d5d-c3e1-451b-a3b5-4b2b567660ff,lower,7.75,grey,478.6,8,fight,1,986,73.66666666666667,2024,66465c850d9a3e177f2649fa
66465c850d9a3e177f2649fa,60,8b590505-e40d-4ff8-802d-5430cc2802b6,same,7.75,grey,523.8,5,fight,1,989,69.83333333333334,3159,66465c850d9a3e177f2649fa
66465c850d9a3e177f2649fa,61,1b4e0da1-e8b8-4342-8d4f-9d2a551e7fed,same,5.25,grey,497.6,9,fight,1,731,45.5,3656,66465c850d9a3e177f2649fa
66465c850d9a3e177f2649fa,62,7d40f846-95bc-4c08-b7a1-b4a410852b77,same,9.0,black,473.8,1,fight,1,980,95.16666666666667,2407,66465c850d9a3e177f2649fa
66465c850d9a3e177f2649fa,63,085d7298-e568-4752-a909-8eecf82e3ebc,higher,7.75,grey,526.2,7,fight,1,771,90.5,2461,66465c850d9a3e177f2649fa
66465c850d9a3e177f2649fa,64,9301277e-6b35-4aa7-bd52-4f56ae0f029b,lower,9.0,black,531.0,1,fight,1,629,100.0,2455,66465c850d9a3e177f2649fa
66465c850d9a3e177f2649fa,65,6a57f963-5846-4eaa-a5d2-0e658499a4a9,higher,9.0,grey,471.4,7,fight,1,731,95.5,2484,66465c850d9a3e177f2649fa
66465c850d9a3e177f2649fa,66,88ff8e25-5b4f-453c-add2-298ef66c683c,higher,2.75,grey,510.4,9,play,0,930,70.16666666666667,2449,66465c850d9a3e177f2649fa
66465c850d9a3e177f2649fa,67,085d7298-e568-4752-a909-8eecf82e3ebc,same,7.75,grey,526.2,7,play,0,754,27.166666666666668,2486,66465c850d9a3e177f2649fa
66465c850d9a3e177f2649fa,68,2fa02aa8-ef06-46e0-87af-9e3b7267ee79,same,6.5,grey,492.9,9,play,0,997,84.83333333333334,2251,66465c850d9a3e177f2649fa
66465c850d9a3e177f2649fa,69,31e1789e-459a-4f3d-bfdd-2f4c8c4e9f50,same,1.5,grey,513.0,8,play,0,824,100.0,2120,66465c850d9a3e177f2649fa
66465c850d9a3e177f2649fa,70,981d9d90-47c5-4443-a939-26060914c7e4,same,7.75,black,483.3,4,fight,1,1033,15.5,2482,66465c850d9a3e177f2649fa
66465c850d9a3e177f2649fa,71,fb491605-8f46-43ab-ba62-bfd86d95e4d6,lower,4.0,black,468.8,1,play,0,1033,80.16666666666666,2478,66465c850d9a3e177f2649fa
66465c850d9a3e177f2649fa,72,d98f2d5f-eb3b-4ebd-b714-878343382f2a,same,6.5,black,495.8,3,play,0,873,61.83333333333333,2378,66465c850d9a3e177f2649fa
66465c850d9a3e177f2649fa,73,c496efe1-6c3e-480d-856f-af132dbe7048,higher,2.75,black,493.7,2,play,0,1565,80.0,1865,66465c850d9a3e177f2649fa
66465c850d9a3e177f2649fa,74,059f8cfb-52c8-47fd-8d26-b0fec58eafae,lower,9.0,grey,483.3,8,fight,1,708,86.66666666666667,2149,66465c850d9a3e177f2649fa
66465c850d9a3e177f2649fa,75,7413c064-c0e5-4104-89aa-79d64ef9d6d9,higher,4.0,black,470.8,0,play,0,1616,38.0,4421,66465c850d9a3e177f2649fa
66465c850d9a3e177f2649fa,76,40860eea-1c44-4896-96b1-ee2d42a6c522,higher,6.5,black,490.5,4,fight,1,1116,21.166666666666668,2925,66465c850d9a3e177f2649fa
66465c850d9a3e177f2649fa,77,3dbdd697-e200-4003-92f8-47202577ad0a,lower,7.75,black,507.1,4,fight,1,928,84.83333333333334,2581,66465c850d9a3e177f2649fa
66465c850d9a3e177f2649fa,78,981d9d90-47c5-4443-a939-26060914c7e4,lower,7.75,black,483.3,4,fight,1,810,70.0,2663,66465c850d9a3e177f2649fa
66465c850d9a3e177f2649fa,79,04b8ff17-66ff-4d6b-a0aa-a91efebb4368,higher,5.25,black,514.3,4,play,0,1084,6.0,2617,66465c850d9a3e177f2649fa
66465c850d9a3e177f2649fa,80,7e595f18-f375-4ca5-b922-61b8d693804d,higher,1.5,black,520.4,1,play,0,1109,100.0,2607,66465c850d9a3e177f2649fa
66465c850d9a3e177f2649fa,81,e2c787c5-5358-4a21-bb35-c422b37ef982,lower,6.5,grey,528.6,5,fight,1,6495,71.0,3425,66465c850d9a3e177f2649fa
66465c850d9a3e177f2649fa,82,5f5a825b-b433-4986-b5d6-5239eb407d32,lower,5.25,grey,475.0,7,fight,1,3483,41.66666666666667,2047,66465c850d9a3e177f2649fa
66465c850d9a3e177f2649fa,83,8e6be05b-c10c-43db-b062-a559f5033312,same,9.0,grey,488.1,6,fight,1,1186,61.66666666666667,2648,66465c850d9a3e177f2649fa
66465c850d9a3e177f2649fa,84,8bee64f6-a3cb-48f4-be48-142b9065f5d7,same,6.5,black,507.1,0,fight,1,1161,60.333333333333336,2144,66465c850d9a3e177f2649fa
66465c850d9a3e177f2649fa,85,114b2369-dce5-4979-8319-c64c85175e6a,same,4.0,grey,477.1,7,play,0,747,33.83333333333333,2379,66465c850d9a3e177f2649fa
66465c850d9a3e177f2649fa,86,c49bbdbd-6e52-4da5-887c-72db9cec7d93,lower,2.75,grey,483.3,7,play,0,1008,92.5,1929,66465c850d9a3e177f2649fa
66465c850d9a3e177f2649fa,87,8ed7c0fc-1490-4e35-a000-7f7357a0772a,lower,1.5,grey,481.5,8,play,0,873,100.0,2951,66465c850d9a3e177f2649fa
66465c850d9a3e177f2649fa,88,755a600e-d336-4f66-8771-52eed84faf02,lower,6.5,black,502.1,1,fight,1,731,33.83333333333333,2338,66465c850d9a3e177f2649fa
66465c850d9a3e177f2649fa,89,204d8c5c-c9ac-4aef-956d-74de8c6eedc4,same,2.75,grey,496.3,6,play,0,1305,91.33333333333333,2151,66465c850d9a3e177f2649fa
66465c850d9a3e177f2649fa,90,8845e64c-078b-4a3a-a732-1efe937de14a,same,7.75,grey,500.0,8,fight,1,684,91.33333333333333,2258,66465c850d9a3e177f2649fa
66465c850d9a3e177f2649fa,91,c496efe1-6c3e-480d-856f-af132dbe7048,lower,2.75,black,493.7,2,play,0,709,100.0,1994,66465c850d9a3e177f2649fa
66465c850d9a3e177f2649fa,92,93e661c0-3f68-4205-9141-04164911b7e4,higher,6.5,grey,528.6,9,fight,1,2881,39.5,1926,66465c850d9a3e177f2649fa
66465c850d9a3e177f2649fa,93,8b72023d-88b1-4615-b871-cac794edf1d9,same,5.25,black,521.4,2,fight,1,742,25.833333333333336,2022,66465c850d9a3e177f2649fa
66465c850d9a3e177f2649fa,94,1a1c3419-9320-46a3-8b48-10e9514c3e7d,same,4.0,grey,533.3,7,play,0,755,70.83333333333334,2386,66465c850d9a3e177f2649fa
66465c850d9a3e177f2649fa,95,2c174300-1111-477c-b605-e34e6031cd26,higher,6.5,grey,478.6,6,fight,1,1036,83.16666666666667,2256,66465c850d9a3e177f2649fa
66465c850d9a3e177f2649fa,96,b3a507ff-2289-4ad3-8922-1a3d0532e154,same,1.5,grey,516.7,6,play,0,891,100.0,1654,66465c850d9a3e177f2649fa
66465c850d9a3e177f2649fa,97,1b4e0da1-e8b8-4342-8d4f-9d2a551e7fed,lower,5.25,grey,497.6,9,play,0,762,35.16666666666667,2342,66465c850d9a3e177f2649fa
66465c850d9a3e177f2649fa,98,68382d9c-6cc5-4669-84bf-c8058e3c1472,higher,4.0,black,490.5,1,play,0,1369,11.833333333333334,2521,66465c850d9a3e177f2649fa
66465c850d9a3e177f2649fa,99,1827c058-6388-491a-b84c-d4d6c512039e,same,6.5,grey,488.1,8,fight,1,572,59.0,2811,66465c850d9a3e177f2649fa
66465c850d9a3e177f2649fa,100,40860eea-1c44-4896-96b1-ee2d42a6c522,lower,6.5,black,490.5,4,fight,1,2326,52.166666666666664,4188,66465c850d9a3e177f2649fa
66465c850d9a3e177f2649fa,101,5f5a825b-b433-4986-b5d6-5239eb407d32,higher,5.25,grey,475.0,7,play,0,773,21.5,2308,66465c850d9a3e177f2649fa
66465c850d9a3e177f2649fa,102,384dc3de-9717-4531-83a1-683588fe1381,higher,5.25,black,485.4,1,fight,1,689,67.66666666666666,2308,66465c850d9a3e177f2649fa
66465c850d9a3e177f2649fa,103,9cf1ba8f-113d-408d-831d-4cf31ca51b3b,higher,5.25,grey,526.2,5,fight,1,792,62.16666666666667,2281,66465c850d9a3e177f2649fa
66465c850d9a3e177f2649fa,104,0a4312a1-7156-4c68-9698-0f1495558bee,lower,5.25,grey,497.9,8,play,0,1347,4.833333333333333,2418,66465c850d9a3e177f2649fa
66465c850d9a3e177f2649fa,105,b3a507ff-2289-4ad3-8922-1a3d0532e154,higher,1.5,grey,516.7,6,play,0,839,100.0,2035,66465c850d9a3e177f2649fa
66465c850d9a3e177f2649fa,106,7e595f18-f375-4ca5-b922-61b8d693804d,lower,1.5,black,520.4,1,play,0,924,100.0,1923,66465c850d9a3e177f2649fa
66465c850d9a3e177f2649fa,107,9f53cd68-f278-45d6-806a-74eeef55bbcc,higher,4.0,grey,519.0,5,fight,1,897,64.16666666666667,2652,66465c850d9a3e177f2649fa
66465c850d9a3e177f2649fa,108,e2c787c5-5358-4a21-bb35-c422b37ef982,higher,6.5,grey,528.6,5,fight,1,782,83.16666666666667,1890,66465c850d9a3e177f2649fa
66465c850d9a3e177f2649fa,109,68382d9c-6cc5-4669-84bf-c8058e3c1472,same,4.0,black,490.5,1,play,0,1021,31.333333333333336,2468,66465c850d9a3e177f2649fa
66465c850d9a3e177f2649fa,110,debe6245-13a4-4a31-b28a-e7b25ce8fa93,higher,6.5,grey,478.6,8,fight,1,552,75.83333333333333,2745,66465c850d9a3e177f2649fa
66465c850d9a3e177f2649fa,111,fb491605-8f46-43ab-ba62-bfd86d95e4d6,same,4.0,black,468.8,1,play,0,1003,84.0,1937,66465c850d9a3e177f2649fa
66465c850d9a3e177f2649fa,112,2c174300-1111-477c-b605-e34e6031cd26,same,6.5,grey,478.6,6,fight,1,768,76.66666666666667,2462,66465c850d9a3e177f2649fa
66465c850d9a3e177f2649fa,113,f45daf2e-6d4e-4a6f-ab5b-1829d67d93fe,same,9.0,grey,498.3,5,fight,1,714,87.33333333333333,2255,66465c850d9a3e177f2649fa
66465c850d9a3e177f2649fa,114,50781782-fbf2-4226-a593-5173be906638,same,4.0,black,514.3,4,play,0,709,38.666666666666664,2261,66465c850d9a3e177f2649fa
66465c850d9a3e177f2649fa,115,29e7c94f-a6bf-4f1d-8ea1-46efbdb6a836,higher,1.5,black,474.1,2,play,0,966,93.5,2096,66465c850d9a3e177f2649fa
66465c850d9a3e177f2649fa,116,1b1159fc-de2b-4ae5-a736-d98d8524a366,lower,1.5,black,508.3,2,play,0,857,100.0,1759,66465c850d9a3e177f2649fa
66465c850d9a3e177f2649fa,117,9d425f58-501f-43f3-955e-05126bd09bb5,lower,1.5,grey,525.0,7,play,0,910,100.0,1774,66465c850d9a3e177f2649fa
66465c850d9a3e177f2649fa,118,d80f638e-7e4b-4e80-bc19-a4b764fd7614,lower,6.5,grey,473.8,9,fight,1,725,72.0,2453,66465c850d9a3e177f2649fa
66465c850d9a3e177f2649fa,119,9d425f58-501f-43f3-955e-05126bd09bb5,higher,1.5,grey,525.0,7,play,0,1365,100.0,1636,66465c850d9a3e177f2649fa
66465c850d9a3e177f2649fa,120,0890b767-b394-4f89-aea1-c60cab7014af,higher,4.0,grey,526.2,9,play,0,746,34.0,2144,66465c850d9a3e177f2649fa
66465c850d9a3e177f2649fa,121,e2c787c5-5358-4a21-bb35-c422b37ef982,same,6.5,grey,528.6,5,fight,1,891,72.33333333333334,2251,66465c850d9a3e177f2649fa
66465c850d9a3e177f2649fa,122,68382d9c-6cc5-4669-84bf-c8058e3c1472,lower,4.0,black,490.5,1,fight,1,769,62.0,2059,66465c850d9a3e177f2649fa
66465c850d9a3e177f2649fa,123,48fe3ca9-b1df-491d-bef9-6d9c5edee227,same,4.0,grey,470.8,9,fight,1,1983,30.666666666666664,5669,66465c850d9a3e177f2649fa
66465c850d9a3e177f2649fa,124,d445e5d9-95ae-4a8f-a6bf-53380fef78b4,lower,2.75,black,512.5,0,play,0,2791,91.66666666666666,2066,66465c850d9a3e177f2649fa
66465c850d9a3e177f2649fa,125,8e6be05b-c10c-43db-b062-a559f5033312,higher,9.0,grey,488.1,6,fight,1,798,100.0,2112,66465c850d9a3e177f2649fa
66465c850d9a3e177f2649fa,126,39d4c0f1-9195-4761-98c6-457bad8a2291,higher,5.25,black,514.3,2,fight,1,724,85.5,2414,66465c850d9a3e177f2649fa
66465c850d9a3e177f2649fa,127,50781782-fbf2-4226-a593-5173be906638,higher,4.0,black,514.3,4,play,0,726,61.16666666666667,3555,66465c850d9a3e177f2649fa
66465c850d9a3e177f2649fa,128,7d40f846-95bc-4c08-b7a1-b4a410852b77,lower,9.0,black,473.8,1,fight,1,1331,94.0,2161,66465c850d9a3e177f2649fa
66465c850d9a3e177f2649fa,129,8e6be05b-c10c-43db-b062-a559f5033312,lower,9.0,grey,488.1,6,fight,1,706,83.0,2131,66465c850d9a3e177f2649fa
66465c850d9a3e177f2649fa,130,44ab78ba-bb99-4b6d-a69b-ede18f9116ec,lower,7.75,black,514.3,1,fight,1,702,100.0,2073,66465c850d9a3e177f2649fa
66465c850d9a3e177f2649fa,131,8fa1d226-bf98-4c72-8961-7121546d4a11,higher,2.75,grey,516.7,6,play,0,966,79.83333333333333,3152,66465c850d9a3e177f2649fa
66465c850d9a3e177f2649fa,132,5f5a825b-b433-4986-b5d6-5239eb407d32,same,5.25,grey,475.0,7,play,0,765,58.833333333333336,1748,66465c850d9a3e177f2649fa
66465c850d9a3e177f2649fa,133,2ef99e5f-bc49-429b-b086-41ed4571b58a,higher,5.25,black,485.7,4,fight,1,828,33.166666666666664,1945,66465c850d9a3e177f2649fa
66465c850d9a3e177f2649fa,134,9f53cd68-f278-45d6-806a-74eeef55bbcc,same,4.0,grey,519.0,5,fight,1,884,42.5,1963,66465c850d9a3e177f2649fa
66465c850d9a3e177f2649fa,135,2ef99e5f-bc49-429b-b086-41ed4571b58a,lower,5.25,black,485.7,4,fight,1,2148,61.5,1703,66465c850d9a3e177f2649fa
66465c850d9a3e177f2649fa,136,44ab78ba-bb99-4b6d-a69b-ede18f9116ec,higher,7.75,black,514.3,1,fight,1,873,100.0,2355,66465c850d9a3e177f2649fa
66465c850d9a3e177f2649fa,137,50bec0a0-7e7c-4edd-a8eb-394750dbdb77,higher,4.0,grey,528.6,8,play,0,925,69.0,2227,66465c850d9a3e177f2649fa
66465c850d9a3e177f2649fa,138,0890b767-b394-4f89-aea1-c60cab7014af,lower,4.0,grey,526.2,9,play,0,1264,82.83333333333334,1890,66465c850d9a3e177f2649fa
66465c850d9a3e177f2649fa,139,debe6245-13a4-4a31-b28a-e7b25ce8fa93,same,6.5,grey,478.6,8,fight,1,2210,36.833333333333336,2487,66465c850d9a3e177f2649fa
66465c850d9a3e177f2649fa,140,1a1c3419-9320-46a3-8b48-10e9514c3e7d,lower,4.0,grey,533.3,7,play,0,1003,50.66666666666667,2623,66465c850d9a3e177f2649fa
66465c850d9a3e177f2649fa,141,3dbdd697-e200-4003-92f8-47202577ad0a,higher,7.75,black,507.1,4,fight,1,628,89.5,1972,66465c850d9a3e177f2649fa
66465c850d9a3e177f2649fa,142,debe6245-13a4-4a31-b28a-e7b25ce8fa93,lower,6.5,grey,478.6,8,fight,1,791,67.16666666666666,2183,66465c850d9a3e177f2649fa
66465c850d9a3e177f2649fa,143,93e661c0-3f68-4205-9141-04164911b7e4,lower,6.5,grey,528.6,9,fight,1,1480,73.5,3092,66465c850d9a3e177f2649fa
66465c850d9a3e177f2649fa,144,e3160d16-fe5e-4987-918b-0921ab937804,same,6.5,black,507.1,4,fight,1,903,85.16666666666667,2266,66465c850d9a3e177f2649fa
66465c850d9a3e177f2649fa,145,1b1159fc-de2b-4ae5-a736-d98d8524a366,same,1.5,black,508.3,2,play,0,947,100.0,2104,66465c850d9a3e177f2649fa
66465c850d9a3e177f2649fa,146,9301277e-6b35-4aa7-bd52-4f56ae0f029b,same,9.0,black,531.0,1,fight,1,944,91.5,2310,66465c850d9a3e177f2649fa
66465c850d9a3e177f2649fa,147,0890b767-b394-4f89-aea1-c60cab7014af,same,4.0,grey,526.2,9,play,0,862,25.166666666666664,2861,66465c850d9a3e177f2649fa
66465c850d9a3e177f2649fa,148,755a600e-d336-4f66-8771-52eed84faf02,same,6.5,black,502.1,1,play,0,1421,61.83333333333333,2672,66465c850d9a3e177f2649fa
66465c850d9a3e177f2649fa,149,d98f2d5f-eb3b-4ebd-b714-878343382f2a,lower,6.5,black,495.8,3,play,0,2110,33.33333333333333,3089,66465c850d9a3e177f2649fa
66465c850d9a3e177f2649fa,150,4a2adf87-0f15-4bc0-9837-899addfb179c,lower,2.75,black,512.5,4,play,0,6412,88.83333333333333,4132,66465c850d9a3e177f2649fa
66465c850d9a3e177f2649fa,151,7b0c39f7-8bb3-4c19-94da-30117a8ec17d,same,7.75,black,507.1,2,fight,1,1093,38.83333333333333,4169,66465c850d9a3e177f2649fa
66465c850d9a3e177f2649fa,152,9d425f58-501f-43f3-955e-05126bd09bb5,same,1.5,grey,525.0,7,play,0,1697,90.66666666666666,2077,66465c850d9a3e177f2649fa
66465c850d9a3e177f2649fa,153,4a2adf87-0f15-4bc0-9837-899addfb179c,higher,2.75,black,512.5,4,play,0,876,99.5,2298,66465c850d9a3e177f2649fa
66465c850d9a3e177f2649fa,154,7d40f846-95bc-4c08-b7a1-b4a410852b77,higher,9.0,black,473.8,1,fight,1,1168,68.66666666666667,2830,66465c850d9a3e177f2649fa
66465c850d9a3e177f2649fa,155,7c59d616-cf70-400a-8ebd-9b3cdfb854ec,higher,6.5,black,475.0,1,fight,1,967,33.33333333333333,1843,66465c850d9a3e177f2649fa
66465c850d9a3e177f2649fa,156,981d9d90-47c5-4443-a939-26060914c7e4,higher,7.75,black,483.3,4,fight,1,905,73.66666666666667,2964,66465c850d9a3e177f2649fa
66465c850d9a3e177f2649fa,157,d80f638e-7e4b-4e80-bc19-a4b764fd7614,higher,6.5,grey,473.8,9,play,0,1751,66.0,3242,66465c850d9a3e177f2649fa
66465c850d9a3e177f2649fa,158,1b1159fc-de2b-4ae5-a736-d98d8524a366,higher,1.5,black,508.3,2,play,0,1346,100.0,1701,66465c850d9a3e177f2649fa
66465c850d9a3e177f2649fa,159,8fa1d226-bf98-4c72-8961-7121546d4a11,lower,2.75,grey,516.7,6,play,0,810,100.0,1755,66465c850d9a3e177f2649fa
66465c850d9a3e177f2649fa,160,384dc3de-9717-4531-83a1-683588fe1381,same,5.25,black,485.4,1,fight,1,672,84.0,2339,66465c850d9a3e177f2649fa
66465c850d9a3e177f2649fa,161,9cf1ba8f-113d-408d-831d-4cf31ca51b3b,lower,5.25,grey,526.2,5,fight,1,654,88.83333333333333,2367,66465c850d9a3e177f2649fa
66465c850d9a3e177f2649fa,162,86e26a06-c6f9-47dc-bc1f-1c78f1f93251,lower,4.0,black,473.8,2,play,0,873,91.0,2008,66465c850d9a3e177f2649fa
668dbda2d3b329f1ea92a78a,1,e5e05e73-9cd0-4990-8da2-4962e0a03e5d,higher,1.5,grey,536.7,9,play,0,1122,55.333333333333336,1960,668dbda2d3b329f1ea92a78a
668dbda2d3b329f1ea92a78a,2,204d8c5c-c9ac-4aef-956d-74de8c6eedc4,lower,2.75,grey,496.3,6,play,0,1042,54.833333333333336,1997,668dbda2d3b329f1ea92a78a
668dbda2d3b329f1ea92a78a,3,9cf1ba8f-113d-408d-831d-4cf31ca51b3b,higher,5.25,grey,526.2,5,fight,1,2824,44.83333333333333,1489,668dbda2d3b329f1ea92a78a
668dbda2d3b329f1ea92a78a,4,2abe0875-f8ff-4373-aad8-bca142211a09,higher,9.0,black,466.7,2,play,0,1423,55.333333333333336,1498,668dbda2d3b329f1ea92a78a
668dbda2d3b329f1ea92a78a,5,44ab78ba-bb99-4b6d-a69b-ede18f9116ec,lower,7.75,black,514.3,1,play,0,1913,45.5,3203,668dbda2d3b329f1ea92a78a
668dbda2d3b329f1ea92a78a,6,3c21b0c7-30d1-41a7-99ae-02e24be36ad3,higher,6.5,grey,502.4,5,play,0,982,44.83333333333333,1457,668dbda2d3b329f1ea92a78a
668dbda2d3b329f1ea92a78a,7,d445e5d9-95ae-4a8f-a6bf-53380fef78b4,same,2.75,black,512.5,0,play,0,1062,40.833333333333336,2026,668dbda2d3b329f1ea92a78a
668dbda2d3b329f1ea92a78a,8,5f5a825b-b433-4986-b5d6-5239eb407d32,higher,5.25,grey,475.0,7,play,0,877,40.166666666666664,1470,668dbda2d3b329f1ea92a78a
668dbda2d3b329f1ea92a78a,9,86e26a06-c6f9-47dc-bc1f-1c78f1f93251,lower,4.0,black,473.8,2,play,0,1289,42.16666666666667,1525,668dbda2d3b329f1ea92a78a
668dbda2d3b329f1ea92a78a,10,a0007ede-8266-4a38-bf86-2a3e66d5d5d4,same,4.0,grey,475.0,5,play,0,1122,45.666666666666664,3671,668dbda2d3b329f1ea92a78a
668dbda2d3b329f1ea92a78a,11,7d40f846-95bc-4c08-b7a1-b4a410852b77,same,9.0,black,473.8,1,play,0,1039,43.666666666666664,1501,668dbda2d3b329f1ea92a78a
668dbda2d3b329f1ea92a78a,12,d98f2d5f-eb3b-4ebd-b714-878343382f2a,higher,6.5,black,495.8,3,play,0,888,55.00000000000001,1987,668dbda2d3b329f1ea92a78a
668dbda2d3b329f1ea92a78a,13,1f7aa6f4-6516-4b90-8eeb-142b1437644b,lower,4.0,black,526.2,3,play,0,2359,45.0,1561,668dbda2d3b329f1ea92a78a
668dbda2d3b329f1ea92a78a,14,7413c064-c0e5-4104-89aa-79d64ef9d6d9,lower,4.0,black,470.8,0,play,0,843,44.166666666666664,1284,668dbda2d3b329f1ea92a78a
668dbda2d3b329f1ea92a78a,15,8fa1d226-bf98-4c72-8961-7121546d4a11,higher,2.75,grey,516.7,6,play,0,1216,44.5,1165,668dbda2d3b329f1ea92a78a
668dbda2d3b329f1ea92a78a,16,755a600e-d336-4f66-8771-52eed84faf02,lower,6.5,black,502.1,1,play,0,900,53.333333333333336,1519,668dbda2d3b329f1ea92a78a
668dbda2d3b329f1ea92a78a,17,42a6675b-868f-488d-a671-17a04c97ab01,higher,2.75,black,500.0,2,play,0,924,44.0,1241,668dbda2d3b329f1ea92a78a
668dbda2d3b329f1ea92a78a,18,42a6675b-868f-488d-a671-17a04c97ab01,same,2.75,black,500.0,2,play,0,758,61.83333333333333,1544,668dbda2d3b329f1ea92a78a
668dbda2d3b329f1ea92a78a,19,5b2465b2-47b6-4cc7-b06f-c362ff7454f8,same,9.0,black,490.5,0,fight,1,1072,59.0,1299,668dbda2d3b329f1ea92a78a
668dbda2d3b329f1ea92a78a,20,87da47db-3d5c-48b2-b3f2-123123d766f0,lower,9.0,grey,478.6,7,fight,1,860,62.0,1521,668dbda2d3b329f1ea92a78a
668dbda2d3b329f1ea92a78a,21,a0007ede-8266-4a38-bf86-2a3e66d5d5d4,lower,4.0,grey,475.0,5,play,0,1023,60.5,2142,668dbda2d3b329f1ea92a78a
668dbda2d3b329f1ea92a78a,22,132133b4-5554-4500-9494-87f534100012,same,9.0,grey,483.3,5,fight,1,964,54.50000000000001,1862,668dbda2d3b329f1ea92a78a
668dbda2d3b329f1ea92a78a,23,2d84acc9-9c9b-441c-9a1a-c901bc48b88f,same,7.75,grey,509.5,7,play,0,1058,41.5,1690,668dbda2d3b329f1ea92a78a
668dbda2d3b329f1ea92a78a,24,96c2a684-adc3-4f98-8b2a-c19c48e7f5a9,same,4.0,grey,509.5,9,play,0,2317,33.166666666666664,2575,668dbda2d3b329f1ea92a78a
668dbda2d3b329f1ea92a78a,25,a5228b86-ba0a-42f2-aa38-23b5369f0e56,same,9.0,black,488.1,3,fight,1,899,56.333333333333336,1619,668dbda2d3b329f1ea92a78a
668dbda2d3b329f1ea92a78a,26,50781782-fbf2-4226-a593-5173be906638,higher,4.0,black,514.3,4,play,0,649,61.33333333333333,1843,668dbda2d3b329f1ea92a78a
668dbda2d3b329f1ea92a78a,27,8a889364-bfa4-42f7-8d4c-ee7478ea863c,lower,5.25,black,509.5,0,play,0,1226,39.83333333333333,2098,668dbda2d3b329f1ea92a78a
668dbda2d3b329f1ea92a78a,28,e3160d16-fe5e-4987-918b-0921ab937804,same,6.5,black,507.1,4,play,0,839,56.49999999999999,1595,668dbda2d3b329f1ea92a78a
668dbda2d3b329f1ea92a78a,29,7f445daf-d952-4bf3-b733-def683994895,same,7.75,black,514.3,3,fight,1,1366,41.5,1621,668dbda2d3b329f1ea92a78a
668dbda2d3b329f1ea92a78a,30,70326c05-1133-4c5d-8a4c-3e71e0da8479,same,4.0,black,528.6,0,play,0,645,64.66666666666666,2620,668dbda2d3b329f1ea92a78a
668dbda2d3b329f1ea92a78a,31,5f5a825b-b433-4986-b5d6-5239eb407d32,same,5.25,grey,475.0,7,play,0,792,56.166666666666664,1585,668dbda2d3b329f1ea92a78a
668dbda2d3b329f1ea92a78a,32,2ef99e5f-bc49-429b-b086-41ed4571b58a,same,5.25,black,485.7,4,play,0,906,62.5,1665,668dbda2d3b329f1ea92a78a
668dbda2d3b329f1ea92a78a,33,8e6be05b-c10c-43db-b062-a559f5033312,lower,9.0,grey,488.1,6,fight,1,693,57.99999999999999,2837,668dbda2d3b329f1ea92a78a
668dbda2d3b329f1ea92a78a,34,d98f2d5f-eb3b-4ebd-b714-878343382f2a,lower,6.5,black,495.8,3,play,0,1014,47.833333333333336,2166,668dbda2d3b329f1ea92a78a
668dbda2d3b329f1ea92a78a,35,bcca6dd9-a0e7-4373-9ebc-93e6e619ca4a,higher,2.75,black,489.6,1,play,0,803,67.66666666666666,2058,668dbda2d3b329f1ea92a78a
668dbda2d3b329f1ea92a78a,36,bcca6dd9-a0e7-4373-9ebc-93e6e619ca4a,lower,2.75,black,489.6,1,play,0,822,65.83333333333333,1941,668dbda2d3b329f1ea92a78a
668dbda2d3b329f1ea92a78a,37,82cc23d1-ba4b-48c5-995a-a30d865ea249,higher,5.25,grey,475.0,7,play,0,606,67.83333333333333,1771,668dbda2d3b329f1ea92a78a
668dbda2d3b329f1ea92a78a,38,8a889364-bfa4-42f7-8d4c-ee7478ea863c,same,5.25,black,509.5,0,play,0,745,66.0,1460,668dbda2d3b329f1ea92a78a
668dbda2d3b329f1ea92a78a,39,085d7298-e568-4752-a909-8eecf82e3ebc,same,7.75,grey,526.2,7,play,0,735,56.166666666666664,1349,668dbda2d3b329f1ea92a78a
668dbda2d3b329f1ea92a78a,40,86e26a06-c6f9-47dc-bc1f-1c78f1f93251,higher,4.0,black,473.8,2,play,0,610,61.83333333333333,1654,668dbda2d3b329f1ea92a78a
668dbda2d3b329f1ea92a78a,41,50f23891-0e3f-40d3-8bcb-a5bcfcec1987,higher,7.75,grey,481.2,5,fight,1,555,66.66666666666666,1902,668dbda2d3b329f1ea92a78a
668dbda2d3b329f1ea92a78a,42,50781782-fbf2-4226-a593-5173be906638,lower,4.0,black,514.3,4,play,0,588,55.00000000000001,1823,668dbda2d3b329f1ea92a78a
668dbda2d3b329f1ea92a78a,43,16718611-6bca-4e79-8071-94d68c181ba1,higher,9.0,black,471.4,0,fight,1,1067,64.66666666666666,1560,668dbda2d3b329f1ea92a78a
668dbda2d3b329f1ea92a78a,44,534a6ddb-dbec-42ac-b559-3f4cbdd66423,lower,7.75,black,541.7,1,play,0,754,59.5,1863,668dbda2d3b329f1ea92a78a
668dbda2d3b329f1ea92a78a,45,50bec0a0-7e7c-4edd-a8eb-394750dbdb77,higher,4.0,grey,528.6,8,play,0,1667,45.166666666666664,1482,668dbda2d3b329f1ea92a78a
668dbda2d3b329f1ea92a78a,46,215ead11-5650-429d-b541-0b107fbb996a,lower,2.75,grey,505.6,7,play,0,564,65.33333333333333,1945,668dbda2d3b329f1ea92a78a
668dbda2d3b329f1ea92a78a,47,114b2369-dce5-4979-8319-c64c85175e6a,same,4.0,grey,477.1,7,play,0,618,64.83333333333333,2050,668dbda2d3b329f1ea92a78a
668dbda2d3b329f1ea92a78a,48,2c174300-1111-477c-b605-e34e6031cd26,higher,6.5,grey,478.6,6,fight,1,614,69.5,1591,668dbda2d3b329f1ea92a78a
668dbda2d3b329f1ea92a78a,49,15dfbaca-4429-4c18-90f4-8d4804129e6f,lower,1.5,black,488.1,1,play,0,954,62.33333333333333,1765,668dbda2d3b329f1ea92a78a
668dbda2d3b329f1ea92a78a,50,e5e05e73-9cd0-4990-8da2-4962e0a03e5d,lower,1.5,grey,536.7,9,play,0,693,60.16666666666667,2947,668dbda2d3b329f1ea92a78a
668dbda2d3b329f1ea92a78a,51,40860eea-1c44-4896-96b1-ee2d42a6c522,same,6.5,black,490.5,4,fight,1,548,51.33333333333333,3141,668dbda2d3b329f1ea92a78a
668dbda2d3b329f1ea92a78a,52,04b8ff17-66ff-4d6b-a0aa-a91efebb4368,higher,5.25,black,514.3,4,fight,1,568,63.0,1833,668dbda2d3b329f1ea92a78a
668dbda2d3b329f1ea92a78a,53,b3a507ff-2289-4ad3-8922-1a3d0532e154,lower,1.5,grey,516.7,6,play,0,503,63.66666666666667,1765,668dbda2d3b329f1ea92a78a
668dbda2d3b329f1ea92a78a,54,8e6be05b-c10c-43db-b062-a559f5033312,higher,9.0,grey,488.1,6,fight,1,687,63.5,1878,668dbda2d3b329f1ea92a78a
668dbda2d3b329f1ea92a78a,55,09060d5d-c3e1-451b-a3b5-4b2b567660ff,higher,7.75,grey,478.6,8,fight,1,2321,60.0,2831,668dbda2d3b329f1ea92a78a
668dbda2d3b329f1ea92a78a,56,40860eea-1c44-4896-96b1-ee2d42a6c522,higher,6.5,black,490.5,4,play,0,4267,48.0,1774,668dbda2d3b329f1ea92a78a
668dbda2d3b329f1ea92a78a,57,0890b767-b394-4f89-aea1-c60cab7014af,lower,4.0,grey,526.2,9,play,0,605,57.99999999999999,1236,668dbda2d3b329f1ea92a78a
668dbda2d3b329f1ea92a78a,58,7e595f18-f375-4ca5-b922-61b8d693804d,same,1.5,black,520.4,1,play,0,696,75.33333333333333,1567,668dbda2d3b329f1ea92a78a
668dbda2d3b329f1ea92a78a,59,14c0e4c6-94d9-41ec-b44a-5f6c8678230e,same,6.5,black,511.9,4,play,0,593,59.5,1951,668dbda2d3b329f1ea92a78a
668dbda2d3b329f1ea92a78a,60,0e704828-9ccd-480e-8056-3a2a8158df0f,lower,1.5,black,500.0,4,play,0,1087,70.0,1912,668dbda2d3b329f1ea92a78a
668dbda2d3b329f1ea92a78a,61,3c21b0c7-30d1-41a7-99ae-02e24be36ad3,same,6.5,grey,502.4,5,play,0,1604,45.0,1617,668dbda2d3b329f1ea92a78a
668dbda2d3b329f1ea92a78a,62,68382d9c-6cc5-4669-84bf-c8058e3c1472,same,4.0,black,490.5,1,play,0,762,65.83333333333333,1798,668dbda2d3b329f1ea92a78a
668dbda2d3b329f1ea92a78a,63,96c2a684-adc3-4f98-8b2a-c19c48e7f5a9,lower,4.0,grey,509.5,9,play,0,741,60.83333333333333,1786,668dbda2d3b329f1ea92a78a
668dbda2d3b329f1ea92a78a,64,31e1789e-459a-4f3d-bfdd-2f4c8c4e9f50,same,1.5,grey,513.0,8,play,0,578,69.33333333333334,1324,668dbda2d3b329f1ea92a78a
668dbda2d3b329f1ea92a78a,65,65eed33d-db39-4b87-b8a4-de20693d3821,higher,7.75,black,469.0,2,fight,1,1044,62.16666666666667,1729,668dbda2d3b329f1ea92a78a
668dbda2d3b329f1ea92a78a,66,215ead11-5650-429d-b541-0b107fbb996a,same,2.75,grey,505.6,7,play,0,835,64.83333333333333,1630,668dbda2d3b329f1ea92a78a
668dbda2d3b329f1ea92a78a,67,9cf1ba8f-113d-408d-831d-4cf31ca51b3b,lower,5.25,grey,526.2,5,play,0,699,54.50000000000001,1597,668dbda2d3b329f1ea92a78a
668dbda2d3b329f1ea92a78a,68,93e661c0-3f68-4205-9141-04164911b7e4,same,6.5,grey,528.6,9,play,0,675,57.666666666666664,1213,668dbda2d3b329f1ea92a78a
668dbda2d3b329f1ea92a78a,69,2c174300-1111-477c-b605-e34e6031cd26,lower,6.5,grey,478.6,6,play,0,1203,48.66666666666667,1752,668dbda2d3b329f1ea92a78a
668dbda2d3b329f1ea92a78a,70,50f23891-0e3f-40d3-8bcb-a5bcfcec1987,lower,7.75,grey,481.2,5,fight,1,657,60.0,1479,668dbda2d3b329f1ea92a78a
668dbda2d3b329f1ea92a78a,71,38ad4b16-44e2-4e52-8d02-b23eca73a48d,same,1.5,grey,490.5,7,play,0,667,71.16666666666667,1633,668dbda2d3b329f1ea92a78a
668dbda2d3b329f1ea92a78a,72,114b2369-dce5-4979-8319-c64c85175e6a,higher,4.0,grey,477.1,7,fight,1,691,56.833333333333336,1692,668dbda2d3b329f1ea92a78a
668dbda2d3b329f1ea92a78a,73,35ae5b09-f580-4922-91bd-f22c23175a47,higher,5.25,black,511.9,3,fight,1,580,58.5,1590,668dbda2d3b329f1ea92a78a
668dbda2d3b329f1ea92a78a,74,204d8c5c-c9ac-4aef-956d-74de8c6eedc4,higher,2.75,grey,496.3,6,play,0,657,63.66666666666667,1479,668dbda2d3b329f1ea92a78a
668dbda2d3b329f1ea92a78a,75,35ae5b09-f580-4922-91bd-f22c23175a47,lower,5.25,black,511.9,3,play,0,636,55.166666666666664,1468,668dbda2d3b329f1ea92a78a
668dbda2d3b329f1ea92a78a,76,755a600e-d336-4f66-8771-52eed84faf02,higher,6.5,black,502.1,1,play,0,631,57.166666666666664,1264,668dbda2d3b329f1ea92a78a
668dbda2d3b329f1ea92a78a,77,96c2a684-adc3-4f98-8b2a-c19c48e7f5a9,higher,4.0,grey,509.5,9,play,0,1881,50.5,2628,668dbda2d3b329f1ea92a78a
668dbda2d3b329f1ea92a78a,78,70326c05-1133-4c5d-8a4c-3e71e0da8479,lower,4.0,black,528.6,0,play,0,871,58.666666666666664,1763,668dbda2d3b329f1ea92a78a
668dbda2d3b329f1ea92a78a,79,8bee64f6-a3cb-48f4-be48-142b9065f5d7,higher,6.5,black,507.1,0,play,0,963,49.666666666666664,2123,668dbda2d3b329f1ea92a78a
668dbda2d3b329f1ea92a78a,80,e5e05e73-9cd0-4990-8da2-4962e0a03e5d,same,1.5,grey,536.7,9,play,0,897,70.83333333333334,1447,668dbda2d3b329f1ea92a78a
668dbda2d3b329f1ea92a78a,81,8fa1d226-bf98-4c72-8961-7121546d4a11,lower,2.75,grey,516.7,6,play,0,672,63.16666666666667,1684,668dbda2d3b329f1ea92a78a
668dbda2d3b329f1ea92a78a,82,5456278f-d454-4194-af69-2784112cffb9,lower,6.5,grey,481.0,9,play,0,2558,54.166666666666664,1685,668dbda2d3b329f1ea92a78a
668dbda2d3b329f1ea92a78a,83,9f53cd68-f278-45d6-806a-74eeef55bbcc,same,4.0,grey,519.0,5,play,0,1028,56.166666666666664,1724,668dbda2d3b329f1ea92a78a
668dbda2d3b329f1ea92a78a,84,2d3d47a2-03c8-4642-84ec-a8f67c64868c,higher,5.25,black,483.3,1,play,0,1929,54.666666666666664,1189,668dbda2d3b329f1ea92a78a
668dbda2d3b329f1ea92a78a,85,534a6ddb-dbec-42ac-b559-3f4cbdd66423,higher,7.75,black,541.7,1,fight,1,1022,59.166666666666664,1831,668dbda2d3b329f1ea92a78a
668dbda2d3b329f1ea92a78a,86,50bec0a0-7e7c-4edd-a8eb-394750dbdb77,same,4.0,grey,528.6,8,play,0,695,63.33333333333333,1580,668dbda2d3b329f1ea92a78a
668dbda2d3b329f1ea92a78a,87,1f7aa6f4-6516-4b90-8eeb-142b1437644b,higher,4.0,black,526.2,3,play,0,657,57.49999999999999,1706,668dbda2d3b329f1ea92a78a
668dbda2d3b329f1ea92a78a,88,e4bc0778-6eb7-4065-bf77-a9b6e293735f,same,1.5,black,490.7,4,play,0,888,74.83333333333333,1471,668dbda2d3b329f1ea92a78a
668dbda2d3b329f1ea92a78a,89,2d84acc9-9c9b-441c-9a1a-c901bc48b88f,higher,7.75,grey,509.5,7,fight,1,973,62.16666666666667,1397,668dbda2d3b329f1ea92a78a
668dbda2d3b329f1ea92a78a,90,0a4312a1-7156-4c68-9698-0f1495558bee,lower,5.25,grey,497.9,8,fight,1,979,56.666666666666664,1338,668dbda2d3b329f1ea92a78a
668dbda2d3b329f1ea92a78a,91,40860eea-1c44-4896-96b1-ee2d42a6c522,lower,6.5,black,490.5,4,play,0,637,56.833333333333336,1152,668dbda2d3b329f1ea92a78a
668dbda2d3b329f1ea92a78a,92,39d4c0f1-9195-4761-98c6-457bad8a2291,higher,5.25,black,514.3,2,play,0,807,65.66666666666666,1424,668dbda2d3b329f1ea92a78a
668dbda2d3b329f1ea92a78a,93,2d3d47a2-03c8-4642-84ec-a8f67c64868c,lower,5.25,black,483.3,1,play,0,1903,55.666666666666664,1019,668dbda2d3b329f1ea92a78a
668dbda2d3b329f1ea92a78a,94,8bee64f6-a3cb-48f4-be48-142b9065f5d7,lower,6.5,black,507.1,0,play,0,4089,55.166666666666664,1154,668dbda2d3b329f1ea92a78a
668dbda2d3b329f1ea92a78a,95,b3a507ff-2289-4ad3-8922-1a3d0532e154,higher,1.5,grey,516.7,6,play,0,717,66.66666666666666,1138,668dbda2d3b329f1ea92a78a
668dbda2d3b329f1ea92a78a,96,2fa02aa8-ef06-46e0-87af-9e3b7267ee79,same,6.5,grey,492.9,9,play,0,656,62.83333333333333,1375,668dbda2d3b329f1ea92a78a
668dbda2d3b329f1ea92a78a,97,44ab78ba-bb99-4b6d-a69b-ede18f9116ec,higher,7.75,black,514.3,1,play,0,703,57.666666666666664,959,668dbda2d3b329f1ea92a78a
668dbda2d3b329f1ea92a78a,98,abb20336-74c4-448b-a5f7-252c765a55f4,lower,9.0,black,471.4,3,play,0,1058,58.5,1481,668dbda2d3b329f1ea92a78a
668dbda2d3b329f1ea92a78a,99,1827c058-6388-491a-b84c-d4d6c512039e,same,6.5,grey,488.1,8,play,0,1195,47.5,1876,668dbda2d3b329f1ea92a78a
668dbda2d3b329f1ea92a78a,100,8dbfdd79-2b3f-4297-8ec2-92d59884dd68,same,6.5,black,471.4,0,play,0,1048,56.166666666666664,1003,668dbda2d3b329f1ea92a78a
668dbda2d3b329f1ea92a78a,101,09060d5d-c3e1-451b-a3b5-4b2b567660ff,same,7.75,grey,478.6,8,play,0,533,50.83333333333333,2766,668dbda2d3b329f1ea92a78a
668dbda2d3b329f1ea92a78a,102,5f5a825b-b433-4986-b5d6-5239eb407d32,lower,5.25,grey,475.0,7,play,0,460,57.49999999999999,1852,668dbda2d3b329f1ea92a78a
668dbda2d3b329f1ea92a78a,103,31e1789e-459a-4f3d-bfdd-2f4c8c4e9f50,higher,1.5,grey,513.0,8,play,0,555,65.83333333333333,1504,668dbda2d3b329f1ea92a78a
668dbda2d3b329f1ea92a78a,104,65eed33d-db39-4b87-b8a4-de20693d3821,same,7.75,black,469.0,2,play,0,696,59.0,1069,668dbda2d3b329f1ea92a78a
668dbda2d3b329f1ea92a78a,105,534a6ddb-dbec-42ac-b559-3f4cbdd66423,same,7.75,black,541.7,1,play,0,760,55.50000000000001,1323,668dbda2d3b329f1ea92a78a
668dbda2d3b329f1ea92a78a,106,8e0deaa9-1ac5-4e69-817a-3204f157f360,higher,5.25,grey,498.1,6,play,0,760,53.833333333333336,1141,668dbda2d3b329f1ea92a78a
668dbda2d3b329f1ea92a78a,107,1be4605b-9f78-45d4-8eb0-87bdc69537e2,lower,9.0,grey,538.9,5,play,0,1408,56.49999999999999,909,668dbda2d3b329f1ea92a78a
668dbda2d3b329f1ea92a78a,108,09060d5d-c3e1-451b-a3b5-4b2b567660ff,lower,7.75,grey,478.6,8,play,0,723,56.666666666666664,1243,668dbda2d3b329f1ea92a78a
668dbda2d3b329f1ea92a78a,109,15dfbaca-4429-4c18-90f4-8d4804129e6f,higher,1.5,black,488.1,1,play,0,754,68.66666666666667,1262,668dbda2d3b329f1ea92a78a
668dbda2d3b329f1ea92a78a,110,27f4d7f8-d998-48b2-a3e4-f885f21c713d,same,5.25,grey,528.6,6,play,0,478,59.0,1663,668dbda2d3b329f1ea92a78a
668dbda2d3b329f1ea92a78a,111,1be4605b-9f78-45d4-8eb0-87bdc69537e2,same,9.0,grey,538.9,5,play,0,1325,48.16666666666667,1859,668dbda2d3b329f1ea92a78a
668dbda2d3b329f1ea92a78a,112,5456278f-d454-4194-af69-2784112cffb9,higher,6.5,grey,481.0,9,play,0,822,52.33333333333333,1706,668dbda2d3b329f1ea92a78a
668dbda2d3b329f1ea92a78a,113,8b72023d-88b1-4615-b871-cac794edf1d9,same,5.25,black,521.4,2,play,0,1135,55.00000000000001,1269,668dbda2d3b329f1ea92a78a
668dbda2d3b329f1ea92a78a,114,8a889364-bfa4-42f7-8d4c-ee7478ea863c,higher,5.25,black,509.5,0,play,0,826,54.666666666666664,1488,668dbda2d3b329f1ea92a78a
668dbda2d3b329f1ea92a78a,115,7413c064-c0e5-4104-89aa-79d64ef9d6d9,higher,4.0,black,470.8,0,play,0,706,51.83333333333333,2141,668dbda2d3b329f1ea92a78a
668dbda2d3b329f1ea92a78a,116,50bec0a0-7e7c-4edd-a8eb-394750dbdb77,lower,4.0,grey,528.6,8,play,0,2510,53.0,1736,668dbda2d3b329f1ea92a78a
668dbda2d3b329f1ea92a78a,117,1be4605b-9f78-45d4-8eb0-87bdc69537e2,higher,9.0,grey,538.9,5,fight,1,692,61.33333333333333,1551,668dbda2d3b329f1ea92a78a
668dbda2d3b329f1ea92a78a,118,39d4c0f1-9195-4761-98c6-457bad8a2291,lower,5.25,black,514.3,2,play,0,1888,54.166666666666664,2838,668dbda2d3b329f1ea92a78a
668dbda2d3b329f1ea92a78a,119,65eed33d-db39-4b87-b8a4-de20693d3821,lower,7.75,black,469.0,2,play,0,706,54.833333333333336,1752,668dbda2d3b329f1ea92a78a
668dbda2d3b329f1ea92a78a,120,0a4312a1-7156-4c68-9698-0f1495558bee,higher,5.25,grey,497.9,8,play,0,1013,55.50000000000001,1192,668dbda2d3b329f1ea92a78a
668dbda2d3b329f1ea92a78a,121,2abe0875-f8ff-4373-aad8-bca142211a09,lower,9.0,black,466.7,2,play,0,1068,54.0,1424,668dbda2d3b329f1ea92a78a
668dbda2d3b329f1ea92a78a,122,8e0deaa9-1ac5-4e69-817a-3204f157f360,lower,5.25,grey,498.1,6,play,0,649,59.66666666666667,1599,668dbda2d3b329f1ea92a78a
668dbda2d3b329f1ea92a78a,123,93e661c0-3f68-4205-9141-04164911b7e4,higher,6.5,grey,528.6,9,fight,1,532,54.666666666666664,1731,668dbda2d3b329f1ea92a78a
668dbda2d3b329f1ea92a78a,124,3c21b0c7-30d1-41a7-99ae-02e24be36ad3,lower,6.5,grey,502.4,5,play,0,781,56.166666666666664,1719,668dbda2d3b329f1ea92a78a
668dbda2d3b329f1ea92a78a,125,13e24563-ab7e-41df-adf6-e8e88b4d9e08,same,6.5,grey,477.1,9,fight,1,1572,59.833333333333336,1613,668dbda2d3b329f1ea92a78a
668dbda2d3b329f1ea92a78a,126,c496efe1-6c3e-480d-856f-af132dbe7048,lower,2.75,black,493.7,2,play,0,1122,63.5,1820,668dbda2d3b329f1ea92a78a
668dbda2d3b329f1ea92a78a,127,1827c058-6388-491a-b84c-d4d6c512039e,higher,6.5,grey,488.1,8,fight,1,793,55.833333333333336,1485,668dbda2d3b329f1ea92a78a
668dbda2d3b329f1ea92a78a,128,e4bc0778-6eb7-4065-bf77-a9b6e293735f,lower,1.5,black,490.7,4,play,0,1364,65.0,1330,668dbda2d3b329f1ea92a78a
668dbda2d3b329f1ea92a78a,129,6a57f963-5846-4eaa-a5d2-0e658499a4a9,same,9.0,grey,471.4,7,play,0,1249,43.833333333333336,1625,668dbda2d3b329f1ea92a78a
668dbda2d3b329f1ea92a78a,130,1d41f125-7386-42b4-8250-f6c540c627a8,same,4.0,black,510.4,4,play,0,665,63.33333333333333,1527,668dbda2d3b329f1ea92a78a
668dbda2d3b329f1ea92a78a,131,86e26a06-c6f9-47dc-bc1f-1c78f1f93251,same,4.0,black,473.8,2,play,0,700,62.5,1106,668dbda2d3b329f1ea92a78a
668dbda2d3b329f1ea92a78a,132,c3cfe5d9-0b66-460b-a3db-a76a0df825ae,same,2.75,grey,501.9,8,play,0,573,63.16666666666667,1222,668dbda2d3b329f1ea92a78a
668dbda2d3b329f1ea92a78a,133,0890b767-b394-4f89-aea1-c60cab7014af,higher,4.0,grey,526.2,9,fight,1,855,56.166666666666664,1929,668dbda2d3b329f1ea92a78a
668dbda2d3b329f1ea92a78a,134,46786fd0-ca59-4ffa-a772-fe489fdbd94c,same,5.25,grey,468.8,9,fight,1,529,58.5,1331,668dbda2d3b329f1ea92a78a
668dbda2d3b329f1ea92a78a,135,2d84acc9-9c9b-441c-9a1a-c901bc48b88f,lower,7.75,grey,509.5,7,fight,1,772,61.16666666666667,3058,668dbda2d3b329f1ea92a78a
668dbda2d3b329f1ea92a78a,136,04b8ff17-66ff-4d6b-a0aa-a91efebb4368,lower,5.25,black,514.3,4,play,0,550,58.166666666666664,1257,668dbda2d3b329f1ea92a78a
668dbda2d3b329f1ea92a78a,137,8fa1d226-bf98-4c72-8961-7121546d4a11,same,2.75,grey,516.7,6,play,0,717,63.5,2048,668dbda2d3b329f1ea92a78a
668dbda2d3b329f1ea92a78a,138,9ed3a785-369e-4eb1-b5ca-50d2602a44d4,same,5.25,grey,476.2,9,fight,1,632,55.666666666666664,1340,668dbda2d3b329f1ea92a78a
668dbda2d3b329f1ea92a78a,139,1827c058-6388-491a-b84c-d4d6c512039e,lower,6.5,grey,488.1,8,play,0,713,59.66666666666667,1540,668dbda2d3b329f1ea92a78a
668dbda2d3b329f1ea92a78a,140,70326c05-1133-4c5d-8a4c-3e71e0da8479,higher,4.0,black,528.6,0,play,0,862,62.83333333333333,1447,668dbda2d3b329f1ea92a78a
668dbda2d3b329f1ea92a78a,141,31e1789e-459a-4f3d-bfdd-2f4c8c4e9f50,lower,1.5,grey,513.0,8,play,0,1069,65.16666666666666,6222,668dbda2d3b329f1ea92a78a
668dbda2d3b329f1ea92a78a,142,8dbfdd79-2b3f-4297-8ec2-92d59884dd68,lower,6.5,black,471.4,0,play,0,779,58.833333333333336,1450,668dbda2d3b329f1ea92a78a
668dbda2d3b329f1ea92a78a,143,e4bc0778-6eb7-4065-bf77-a9b6e293735f,higher,1.5,black,490.7,4,play,0,674,61.83333333333333,1279,668dbda2d3b329f1ea92a78a
668dbda2d3b329f1ea92a78a,144,87da47db-3d5c-48b2-b3f2-123123d766f0,higher,9.0,grey,478.6,7,play,0,906,62.5,1780,668dbda2d3b329f1ea92a78a
668dbda2d3b329f1ea92a78a,145,42a6675b-868f-488d-a671-17a04c97ab01,lower,2.75,black,500.0,2,play,0,555,63.33333333333333,1534,668dbda2d3b329f1ea92a78a
668dbda2d3b329f1ea92a78a,146,16718611-6bca-4e79-8071-94d68c181ba1,lower,9.0,black,471.4,0,fight,1,1118,56.99999999999999,1741,668dbda2d3b329f1ea92a78a
668dbda2d3b329f1ea92a78a,147,d98f2d5f-eb3b-4ebd-b714-878343382f2a,same,6.5,black,495.8,3,fight,1,983,57.99999999999999,1901,668dbda2d3b329f1ea92a78a
668dbda2d3b329f1ea92a78a,148,1f7aa6f4-6516-4b90-8eeb-142b1437644b,same,4.0,black,526.2,3,play,0,985,56.833333333333336,1509,668dbda2d3b329f1ea92a78a
668dbda2d3b329f1ea92a78a,149,93e661c0-3f68-4205-9141-04164911b7e4,lower,6.5,grey,528.6,9,play,0,555,52.666666666666664,1319,668dbda2d3b329f1ea92a78a
668dbda2d3b329f1ea92a78a,150,215ead11-5650-429d-b541-0b107fbb996a,higher,2.75,grey,505.6,7,play,0,850,65.66666666666666,983,668dbda2d3b329f1ea92a78a
668dbda2d3b329f1ea92a78a,151,15dfbaca-4429-4c18-90f4-8d4804129e6f,same,1.5,black,488.1,1,play,0,4088,66.16666666666666,983,668dbda2d3b329f1ea92a78a
668dbda2d3b329f1ea92a78a,152,82cc23d1-ba4b-48c5-995a-a30d865ea249,lower,5.25,grey,475.0,7,play,0,571,66.66666666666666,963,668dbda2d3b329f1ea92a78a
668dbda2d3b329f1ea92a78a,153,bcca6dd9-a0e7-4373-9ebc-93e6e619ca4a,same,2.75,black,489.6,1,play,0,578,64.83333333333333,962,668dbda2d3b329f1ea92a78a
668dbda2d3b329f1ea92a78a,154,8dbfdd79-2b3f-4297-8ec2-92d59884dd68,higher,6.5,black,471.4,0,play,0,981,64.33333333333333,909,668dbda2d3b329f1ea92a78a
668dbda2d3b329f1ea92a78a,155,8e0deaa9-1ac5-4e69-817a-3204f157f360,same,5.25,grey,498.1,6,play,0,554,62.5,964,668dbda2d3b329f1ea92a78a
668dbda2d3b329f1ea92a78a,156,35ae5b09-f580-4922-91bd-f22c23175a47,same,5.25,black,511.9,3,play,0,824,60.5,926,668dbda2d3b329f1ea92a78a
668dbda2d3b329f1ea92a78a,157,a0007ede-8266-4a38-bf86-2a3e66d5d5d4,higher,4.0,grey,475.0,5,fight,1,543,62.0,2258,668dbda2d3b329f1ea92a78a
668dbda2d3b329f1ea92a78a,158,abb20336-74c4-448b-a5f7-252c765a55f4,higher,9.0,black,471.4,3,fight,1,676,72.66666666666667,2113,668dbda2d3b329f1ea92a78a
668dbda2d3b329f1ea92a78a,159,114b2369-dce5-4979-8319-c64c85175e6a,lower,4.0,grey,477.1,7,play,0,565,60.5,1629,668dbda2d3b329f1ea92a78a
668dbda2d3b329f1ea92a78a,160,04b8ff17-66ff-4d6b-a0aa-a91efebb4368,same,5.25,black,514.3,4,play,0,545,60.5,1105,668dbda2d3b329f1ea92a78a
668dbda2d3b329f1ea92a78a,161,c496efe1-6c3e-480d-856f-af132dbe7048,higher,2.75,black,493.7,2,play,0,959,64.83333333333333,1794,668dbda2d3b329f1ea92a78a
668dbda2d3b329f1ea92a78a,162,0e704828-9ccd-480e-8056-3a2a8158df0f,higher,1.5,black,500.0,4,play,0,696,76.0,1269,668dbda2d3b329f1ea92a78a
6a0a200efdf95c93dce00159,1,a57832a0-0b6a-4bdf-a636-adf042cd3fcc,higher,7.75,grey,485.7,6,fight,1,1387,50.36363223913902,2085,6a0a200efdf95c93dce00159
6a0a200efdf95c93dce00159,2,c496efe1-6c3e-480d-856f-af132dbe7048,lower,2.75,black,493.7,2,play,0,1643,81.34544691420969,1501,6a0a200efdf95c93dce00159
6a0a200efdf95c93dce00159,3,8bee64f6-a3cb-48f4-be48-142b9065f5d7,same,6.5,black,507.1,0,fight,1,1020,40.03635050825506,1855,6a0a200efdf95c93dce00159
6a0a200efdf95c93dce00159,4,2c174300-1111-477c-b605-e34e6031cd26,higher,6.5,grey,478.6,6,fight,1,999,46.58182236550113,1645,6a0a200efdf95c93dce00159
6a0a200efdf95c93dce00159,5,9f7e489f-4076-4332-b57e-13a42d4c75fd,higher,9.0,black,466.7,0,play,0,1089,51.672714403555744,1584,6a0a200efdf95c93dce00159
6a0a200efdf95c93dce00159,6,a0007ede-8266-4a38-bf86-2a3e66d5d5d4,same,4.0,grey,475.0,5,play,0,1333,78.72727241284916,1857,6a0a200efdf95c93dce00159
6a0a200efdf95c93dce00159,7,1827c058-6388-491a-b84c-d4d6c512039e,lower,6.5,grey,488.1,8,fight,1,1773,52.109095470082146,2662,6a0a200efdf95c93dce00159
6a0a200efdf95c93dce00159,8,8845e64c-078b-4a3a-a732-1efe937de14a,lower,7.75,grey,500.0,8,play,0,1216,51.09089671741707,1446,6a0a200efdf95c93dce00159
6a0a200efdf95c93dce00159,9,c3cfe5d9-0b66-460b-a3db-a76a0df825ae,higher,2.75,grey,501.9,8,play,0,978,91.23635775109433,1110,6a0a200efdf95c93dce00159
6a0a200efdf95c93dce00159,10,4a2adf87-0f15-4bc0-9837-899addfb179c,higher,2.75,black,512.5,4,play,0,1287,64.03636312218863,1178,6a0a200efdf95c93dce00159
6a0a200efdf95c93dce00159,11,2abe0875-f8ff-4373-aad8-bca142211a09,same,9.0,black,466.7,2,fight,1,874,62.43636702843903,1547,6a0a200efdf95c93dce00159
6a0a200efdf95c93dce00159,12,8b72023d-88b1-4615-b871-cac794edf1d9,lower,5.25,black,521.4,2,play,0,1198,62.87272774991127,1241,6a0a200efdf95c93dce00159
6a0a200efdf95c93dce00159,13,2d3d47a2-03c8-4642-84ec-a8f67c64868c,lower,5.25,black,483.3,1,fight,1,912,75.38182326068352,1258,6a0a200efdf95c93dce00159
6a0a200efdf95c93dce00159,14,cc654364-6ba7-42d1-b98c-c44f96b2e4e4,lower,2.75,black,483.3,4,play,0,1175,76.54545863296089,1658,6a0a200efdf95c93dce00159
6a0a200efdf95c93dce00159,15,bcca6dd9-a0e7-4373-9ebc-93e6e619ca4a,same,2.75,black,489.6,1,play,0,1453,92.10909953909298,1020,6a0a200efdf95c93dce00159
6a0a200efdf95c93dce00159,16,1f7aa6f4-6516-4b90-8eeb-142b1437644b,same,4.0,black,526.2,3,fight,1,1388,27.818168926815684,1050,6a0a200efdf95c93dce00159
6a0a200efdf95c93dce00159,17,42a6675b-868f-488d-a671-17a04c97ab01,same,2.75,black,500.0,2,play,0,984,89.63634131229058,1283,6a0a200efdf95c93dce00159
6a0a200efdf95c93dce00159,18,48fe3ca9-b1df-491d-bef9-6d9c5edee227,lower,4.0,grey,470.8,9,fight,1,2258,94.5817967307329,1247,6a0a200efdf95c93dce00159
6a0a200efdf95c93dce00159,19,13e24563-ab7e-41df-adf6-e8e88b4d9e08,higher,6.5,grey,477.1,9,fight,1,880,91.23635775109433,1152,6a0a200efdf95c93dce00159
6a0a200efdf95c93dce00159,20,83dec58f-0765-4ddc-b785-670d8025c467,same,4.0,black,531.0,2,play,0,982,75.67272701748932,1530,6a0a200efdf95c93dce00159
6a0a200efdf95c93dce00159,21,9d425f58-501f-43f3-955e-05126bd09bb5,higher,1.5,grey,525.0,7,play,0,1485,54.872716763582034,1526,6a0a200efdf95c93dce00159
6a0a200efdf95c93dce00159,22,83dec58f-0765-4ddc-b785-670d8025c467,higher,4.0,black,531.0,2,fight,1,1027,68.69091478382515,1556,6a0a200efdf95c93dce00159
6a0a200efdf95c93dce00159,23,38ad4b16-44e2-4e52-8d02-b23eca73a48d,higher,1.5,grey,490.5,7,play,0,1039,100.0,1342,6a0a200efdf95c93dce00159
6a0a200efdf95c93dce00159,24,8b72023d-88b1-4615-b871-cac794edf1d9,same,5.25,black,521.4,2,play,0,1536,49.19999686686166,1092,6a0a200efdf95c93dce00159
6a0a200efdf95c93dce00159,25,0e704828-9ccd-480e-8056-3a2a8158df0f,lower,1.5,black,500.0,4,fight,1,889,56.03635213585939,1360,6a0a200efdf95c93dce00159
6a0a200efdf95c93dce00159,26,6e2932f2-a9d1-4f2a-9599-a872b605c1eb,lower,9.0,grey,497.6,5,fight,1,808,89.34544772801185,1111,6a0a200efdf95c93dce00159
6a0a200efdf95c93dce00159,27,534a6ddb-dbec-42ac-b559-3f4cbdd66423,same,7.75,black,541.7,1,play,0,1791,16.76362271765368,1590,6a0a200efdf95c93dce00159
6a0a200efdf95c93dce00159,28,0a4312a1-7156-4c68-9698-0f1495558bee,higher,5.25,grey,497.9,8,play,0,935,75.81818398215576,1282,6a0a200efdf95c93dce00159
6a0a200efdf95c93dce00159,29,ed3846d1-c7e9-4e73-a1ab-cd413d18c0b8,lower,6.5,black,509.5,3,play,0,2434,13.27272677334867,1883,6a0a200efdf95c93dce00159
6a0a200efdf95c93dce00159,30,8649b489-429a-4894-9c74-827e94f04566,lower,9.0,grey,528.6,8,play,0,1132,77.85455096990468,1283,6a0a200efdf95c93dce00159
6a0a200efdf95c93dce00159,31,981d9d90-47c5-4443-a939-26060914c7e4,lower,7.75,black,483.3,4,fight,1,1159,41.63636694705881,1407,6a0a200efdf95c93dce00159
6a0a200efdf95c93dce00159,32,a57832a0-0b6a-4bdf-a636-adf042cd3fcc,same,7.75,grey,485.7,6,play,0,2633,24.47272994717712,1350,6a0a200efdf95c93dce00159
6a0a200efdf95c93dce00159,33,8dc79a0d-b826-4ac2-8483-04346b06960d,lower,2.75,black,518.5,3,fight,1,1001,79.16362296179433,1866,6a0a200efdf95c93dce00159
6a0a200efdf95c93dce00159,34,8845e64c-078b-4a3a-a732-1efe937de14a,higher,7.75,grey,500.0,8,play,0,1110,42.07272766853105,1179,6a0a200efdf95c93dce00159
6a0a200efdf95c93dce00159,35,8e6be05b-c10c-43db-b062-a559f5033312,same,9.0,grey,488.1,6,fight,1,2573,52.109095470082146,1656,6a0a200efdf95c93dce00159
6a0a200efdf95c93dce00159,36,059f8cfb-52c8-47fd-8d26-b0fec58eafae,same,9.0,grey,483.3,8,play,0,1333,62.43636702843903,1624,6a0a200efdf95c93dce00159
6a0a200efdf95c93dce00159,37,29e7c94f-a6bf-4f1d-8ea1-46efbdb6a836,lower,1.5,black,474.1,2,fight,1,1193,29.563632157758807,2364,6a0a200efdf95c93dce00159
6a0a200efdf95c93dce00159,38,9ed3a785-369e-4eb1-b5ca-50d2602a44d4,higher,5.25,grey,476.2,9,fight,1,737,68.98181854063095,1405,6a0a200efdf95c93dce00159
6a0a200efdf95c93dce00159,39,1b1159fc-de2b-4ae5-a736-d98d8524a366,lower,1.5,black,508.3,2,play,0,1013,93.27273491137034,1060,6a0a200efdf95c93dce00159
6a0a200efdf95c93dce00159,40,83dec58f-0765-4ddc-b785-670d8025c467,lower,4.0,black,531.0,2,fight,1,1755,60.25454307602367,1236,6a0a200efdf95c93dce00159
6a0a200efdf95c93dce00159,41,35ae5b09-f580-4922-91bd-f22c23175a47,higher,5.25,black,511.9,3,fight,1,2197,13.27272677334867,1643,6a0a200efdf95c93dce00159
6a0a200efdf95c93dce00159,42,8e0deaa9-1ac5-4e69-817a-3204f157f360,lower,5.25,grey,498.1,6,fight,1,954,22.872713508373362,1181,6a0a200efdf95c93dce00159
6a0a200efdf95c93dce00159,43,9ed3a785-369e-4eb1-b5ca-50d2602a44d4,same,5.25,grey,476.2,9,fight,1,851,41.05454926092013,1642,6a0a200efdf95c93dce00159
6a0a200efdf95c93dce00159,44,0890b767-b394-4f89-aea1-c60cab7014af,higher,4.0,grey,526.2,9,play,0,1304,66.94544138035495,1371,6a0a200efdf95c93dce00159
6a0a200efdf95c93dce00159,45,86e26a06-c6f9-47dc-bc1f-1c78f1f93251,same,4.0,black,473.8,2,play,0,1244,67.09090851754847,1923,6a0a200efdf95c93dce00159
6a0a200efdf95c93dce00159,46,04b8ff17-66ff-4d6b-a0aa-a91efebb4368,higher,5.25,black,514.3,4,play,0,1528,33.34544203139669,1735,6a0a200efdf95c93dce00159
6a0a200efdf95c93dce00159,47,085d7298-e568-4752-a909-8eecf82e3ebc,same,7.75,grey,526.2,7,play,0,1425,69.56363622676963,1336,6a0a200efdf95c93dce00159
6a0a200efdf95c93dce00159,48,81e3fe3f-5a7c-42d3-8ea7-c2bf3831288b,same,1.5,black,513.9,4,play,0,864,90.07270203376282,1103,6a0a200efdf95c93dce00159
6a0a200efdf95c93dce00159,49,bcca6dd9-a0e7-4373-9ebc-93e6e619ca4a,higher,2.75,black,489.6,1,play,0,942,100.0,1706,6a0a200efdf95c93dce00159
6a0a200efdf95c93dce00159,50,13e24563-ab7e-41df-adf6-e8e88b4d9e08,same,6.5,grey,477.1,9,play,0,1839,16.909089854847196,1386,6a0a200efdf95c93dce00159
6a0a200efdf95c93dce00159,51,9ed3a785-369e-4eb1-b5ca-50d2602a44d4,lower,5.25,grey,476.2,9,fight,1,896,23.599988159178483,1093,6a0a200efdf95c93dce00159
6a0a200efdf95c93dce00159,52,0890b767-b394-4f89-aea1-c60cab7014af,same,4.0,grey,526.2,9,fight,1,712,21.854545273289517,1700,6a0a200efdf95c93dce00159
6a0a200efdf95c93dce00159,53,5dd4bcf1-ee00-4ee7-8a76-483bdc62202c,higher,4.0,grey,479.2,8,fight,1,1179,9.34544976251727,2594,6a0a200efdf95c93dce00159
6a0a200efdf95c93dce00159,54,fb491605-8f46-43ab-ba62-bfd86d95e4d6,higher,4.0,black,468.8,1,play,0,1197,77.272733283766,1241,6a0a200efdf95c93dce00159
6a0a200efdf95c93dce00159,55,70326c05-1133-4c5d-8a4c-3e71e0da8479,same,4.0,black,528.6,0,play,0,1494,82.94546335301344,1376,6a0a200efdf95c93dce00159
6a0a200efdf95c93dce00159,56,1827c058-6388-491a-b84c-d4d6c512039e,higher,6.5,grey,488.1,8,fight,1,823,78.72727241284916,1959,6a0a200efdf95c93dce00159
6a0a200efdf95c93dce00159,57,29e7c94f-a6bf-4f1d-8ea1-46efbdb6a836,higher,1.5,black,474.1,2,fight,1,1120,87.16364412065064,1650,6a0a200efdf95c93dce00159
6a0a200efdf95c93dce00159,58,2abe0875-f8ff-4373-aad8-bca142211a09,lower,9.0,black,466.7,2,fight,1,1516,31.454532008314214,1886,6a0a200efdf95c93dce00159
6a0a200efdf95c93dce00159,59,95aaf072-b6be-4da4-9857-deaf20ab49f2,same,1.5,grey,471.4,7,fight,1,911,51.9636385054157,2632,6a0a200efdf95c93dce00159
6a0a200efdf95c93dce00159,60,4a2adf87-0f15-4bc0-9837-899addfb179c,same,2.75,black,512.5,4,play,0,1169,80.47271529873812,1235,6a0a200efdf95c93dce00159
6a0a200efdf95c93dce00159,61,3dbdd697-e200-4003-92f8-47202577ad0a,same,7.75,black,507.1,4,play,0,919,65.05455170232663,1678,6a0a200efdf95c93dce00159
6a0a200efdf95c93dce00159,62,fb491605-8f46-43ab-ba62-bfd86d95e4d6,same,4.0,black,468.8,1,play,0,1541,90.07270203376282,2136,6a0a200efdf95c93dce00159
6a0a200efdf95c93dce00159,63,0890b767-b394-4f89-aea1-c60cab7014af,lower,4.0,grey,526.2,9,fight,1,945,27.236351240677003,1187,6a0a200efdf95c93dce00159
6a0a200efdf95c93dce00159,64,8b72023d-88b1-4615-b871-cac794edf1d9,higher,5.25,black,521.4,2,fight,1,3097,6.872722053296107,1260,6a0a200efdf95c93dce00159
6a0a200efdf95c93dce00159,65,fc87f268-5d06-4cb4-8db9-dbf7fb69a2ce,higher,1.5,black,512.5,0,play,0,960,72.32727786532368,3867,6a0a200efdf95c93dce00159
6a0a200efdf95c93dce00159,66,debe6245-13a4-4a31-b28a-e7b25ce8fa93,same,6.5,grey,478.6,8,play,0,1056,84.83637337609592,1967,6a0a200efdf95c93dce00159
6a0a200efdf95c93dce00159,67,2abe0875-f8ff-4373-aad8-bca142211a09,higher,9.0,black,466.7,2,fight,1,1008,67.23636548221491,1277,6a0a200efdf95c93dce00159
6a0a200efdf95c93dce00159,68,81e3fe3f-5a7c-42d3-8ea7-c2bf3831288b,higher,1.5,black,513.9,4,play,0,986,42.36364159786393,1546,6a0a200efdf95c93dce00159
6a0a200efdf95c93dce00159,69,c3cfe5d9-0b66-460b-a3db-a76a0df825ae,same,2.75,grey,501.9,8,play,0,1003,88.03636556359513,1826,6a0a200efdf95c93dce00159
6a0a200efdf95c93dce00159,70,8a889364-bfa4-42f7-8d4c-ee7478ea863c,higher,5.25,black,509.5,0,play,0,969,34.509077403674056,1441,6a0a200efdf95c93dce00159
6a0a200efdf95c93dce00159,71,14c0e4c6-94d9-41ec-b44a-5f6c8678230e,same,6.5,black,511.9,4,play,0,1134,87.30909091279001,1505,6a0a200efdf95c93dce00159
6a0a200efdf95c93dce00159,72,8dbfdd79-2b3f-4297-8ec2-92d59884dd68,lower,6.5,black,471.4,0,play,0,1027,69.70909319143608,1875,6a0a200efdf95c93dce00159
6a0a200efdf95c93dce00159,73,a0007ede-8266-4a38-bf86-2a3e66d5d5d4,lower,4.0,grey,475.0,5,play,0,838,86.14545554051264,1874,6a0a200efdf95c93dce00159
6a0a200efdf95c93dce00159,74,1f7aa6f4-6516-4b90-8eeb-142b1437644b,higher,4.0,black,526.2,3,play,0,949,90.07270203376282,1554,6a0a200efdf95c93dce00159
6a0a200efdf95c93dce00159,75,50781782-fbf2-4226-a593-5173be906638,lower,4.0,black,514.3,4,play,0,1285,18.363639156457435,1196,6a0a200efdf95c93dce00159
6a0a200efdf95c93dce00159,76,40860eea-1c44-4896-96b1-ee2d42a6c522,lower,6.5,black,490.5,4,fight,1,800,94.72728421298056,1396,6a0a200efdf95c93dce00159
6a0a200efdf95c93dce00159,77,8dbfdd79-2b3f-4297-8ec2-92d59884dd68,higher,6.5,black,471.4,0,play,0,968,31.309095388701923,1592,6a0a200efdf95c93dce00159
6a0a200efdf95c93dce00159,78,1f7aa6f4-6516-4b90-8eeb-142b1437644b,lower,4.0,black,526.2,3,play,0,1277,71.01818552837987,1172,6a0a200efdf95c93dce00159
6a0a200efdf95c93dce00159,79,c3cfe5d9-0b66-460b-a3db-a76a0df825ae,lower,2.75,grey,501.9,8,play,0,1069,60.69091397002298,1057,6a0a200efdf95c93dce00159
6a0a200efdf95c93dce00159,80,82cc23d1-ba4b-48c5-995a-a30d865ea249,same,5.25,grey,475.0,7,fight,1,1817,84.98182016823529,1289,6a0a200efdf95c93dce00159
6a0a200efdf95c93dce00159,81,3dbdd697-e200-4003-92f8-47202577ad0a,lower,7.75,black,507.1,4,fight,1,2456,42.50907821747622,1645,6a0a200efdf95c93dce00159
6a0a200efdf95c93dce00159,82,d3cc8306-21ab-4f88-ae4f-3970e4cd53ea,lower,1.5,grey,471.4,7,play,0,1059,96.32728030673017,1678,6a0a200efdf95c93dce00159
6a0a200efdf95c93dce00159,83,e2c787c5-5358-4a21-bb35-c422b37ef982,lower,6.5,grey,528.6,5,fight,1,769,70.29091087757476,1416,6a0a200efdf95c93dce00159
6a0a200efdf95c93dce00159,84,48fe3ca9-b1df-491d-bef9-6d9c5edee227,same,4.0,grey,470.8,9,fight,1,592,72.61818162212947,1277,6a0a200efdf95c93dce00159
6a0a200efdf95c93dce00159,85,8fa1d226-bf98-4c72-8961-7121546d4a11,same,2.75,grey,516.7,6,play,0,1697,83.67273800381855,1059,6a0a200efdf95c93dce00159
6a0a200efdf95c93dce00159,86,7c59d616-cf70-400a-8ebd-9b3cdfb854ec,higher,6.5,black,475.0,1,play,0,1422,70.14545391290832,2033,6a0a200efdf95c93dce00159
6a0a200efdf95c93dce00159,87,059f8cfb-52c8-47fd-8d26-b0fec58eafae,higher,9.0,grey,483.3,8,fight,1,655,81.34544691420969,1811,6a0a200efdf95c93dce00159
6a0a200efdf95c93dce00159,88,7413c064-c0e5-4104-89aa-79d64ef9d6d9,lower,4.0,black,470.8,0,play,0,758,95.60000565592506,1229,6a0a200efdf95c93dce00159
6a0a200efdf95c93dce00159,89,87da47db-3d5c-48b2-b3f2-123123d766f0,higher,9.0,grey,478.6,7,fight,1,934,20.690909901012155,1862,6a0a200efdf95c93dce00159
6a0a200efdf95c93dce00159,90,5f5a825b-b433-4986-b5d6-5239eb407d32,higher,5.25,grey,475.0,7,fight,1,1028,62.87272774991127,2313,6a0a200efdf95c93dce00159
6a0a200efdf95c93dce00159,91,abb20336-74c4-448b-a5f7-252c765a55f4,lower,9.0,black,471.4,3,fight,1,863,78.29091169137692,1421,6a0a200efdf95c93dce00159
6a0a200efdf95c93dce00159,92,82cc23d1-ba4b-48c5-995a-a30d865ea249,higher,5.25,grey,475.0,7,play,0,2222,63.74545936538283,1345,6a0a200efdf95c93dce00159
6a0a200efdf95c93dce00159,93,3dbdd697-e200-4003-92f8-47202577ad0a,higher,7.75,black,507.1,4,play,0,624,74.50909164521195,1257,6a0a200efdf95c93dce00159
6a0a200efdf95c93dce00159,94,04b8ff17-66ff-4d6b-a0aa-a91efebb4368,same,5.25,black,514.3,4,fight,1,754,83.52725052157089,1299,6a0a200efdf95c93dce00159
6a0a200efdf95c93dce00159,95,5456278f-d454-4194-af69-2784112cffb9,lower,6.5,grey,481.0,9,play,0,849,39.89091388864277,1347,6a0a200efdf95c93dce00159
6a0a200efdf95c93dce00159,96,1827c058-6388-491a-b84c-d4d6c512039e,same,6.5,grey,488.1,8,fight,1,802,77.12727631909956,1141,6a0a200efdf95c93dce00159
6a0a200efdf95c93dce00159,97,87da47db-3d5c-48b2-b3f2-123123d766f0,same,9.0,grey,478.6,7,play,0,1706,77.12727631909956,1035,6a0a200efdf95c93dce00159
6a0a200efdf95c93dce00159,98,5dd4bcf1-ee00-4ee7-8a76-483bdc62202c,same,4.0,grey,479.2,8,play,0,891,98.07270284756498,1251,6a0a200efdf95c93dce00159
6a0a200efdf95c93dce00159,99,2ef99e5f-bc49-429b-b086-41ed4571b58a,lower,5.25,black,485.7,4,fight,1,1150,93.85452207992778,1422,6a0a200efdf95c93dce00159
6a0a200efdf95c93dce00159,100,70326c05-1133-4c5d-8a4c-3e71e0da8479,higher,4.0,black,528.6,0,play,0,967,73.3454562729346,1287,6a0a200efdf95c93dce00159
6a0a200efdf95c93dce00159,101,31e1789e-459a-4f3d-bfdd-2f4c8c4e9f50,lower,1.5,grey,513.0,8,play,0,2233,86.87273019131777,1352,6a0a200efdf95c93dce00159
6a0a200efdf95c93dce00159,102,5f5a825b-b433-4986-b5d6-5239eb407d32,lower,5.25,grey,475.0,7,play,0,815,91.67273881762073,1191,6a0a200efdf95c93dce00159
6a0a200efdf95c93dce00159,103,14c0e4c6-94d9-41ec-b44a-5f6c8678230e,higher,6.5,black,511.9,4,play,0,1186,86.00000874837329,861,6a0a200efdf95c93dce00159
6a0a200efdf95c93dce00159,104,453a1fa5-895a-4a5e-a4cf-25c0a35d74d2,same,7.75,black,497.6,1,fight,1,793,29.563632157758807,1852,6a0a200efdf95c93dce00159
6a0a200efdf95c93dce00159,105,9f7e489f-4076-4332-b57e-13a42d4c75fd,same,9.0,black,466.7,0,fight,1,615,75.5272598802958,1236,6a0a200efdf95c93dce00159
6a0a200efdf95c93dce00159,106,8a889364-bfa4-42f7-8d4c-ee7478ea863c,lower,5.25,black,509.5,0,play,0,1174,80.47271529873812,900,6a0a200efdf95c93dce00159
6a0a200efdf95c93dce00159,107,95aaf072-b6be-4da4-9857-deaf20ab49f2,higher,1.5,grey,471.4,7,play,0,990,86.58179591693073,1186,6a0a200efdf95c93dce00159
6a0a200efdf95c93dce00159,108,8845e64c-078b-4a3a-a732-1efe937de14a,same,7.75,grey,500.0,8,fight,1,808,84.69088589384826,2097,6a0a200efdf95c93dce00159
6a0a200efdf95c93dce00159,109,8bee64f6-a3cb-48f4-be48-142b9065f5d7,higher,6.5,black,507.1,0,fight,1,1068,88.03636556359513,3759,6a0a200efdf95c93dce00159
6a0a200efdf95c93dce00159,110,5dd4bcf1-ee00-4ee7-8a76-483bdc62202c,lower,4.0,grey,479.2,8,play,0,3602,15.454540553236953,1956,6a0a200efdf95c93dce00159
6a0a200efdf95c93dce00159,111,124d9b3a-acac-4627-93e0-f05b493598f3,same,5.25,black,504.8,4,fight,1,2384,11.236349613072674,1277,6a0a200efdf95c93dce00159
6a0a200efdf95c93dce00159,112,2c174300-1111-477c-b605-e34e6031cd26,same,6.5,grey,478.6,6,play,0,1751,33.49090916859021,2058,6a0a200efdf95c93dce00159
6a0a200efdf95c93dce00159,113,8e0deaa9-1ac5-4e69-817a-3204f157f360,same,5.25,grey,498.1,6,play,0,3519,75.38182326068352,1615,6a0a200efdf95c93dce00159
6a0a200efdf95c93dce00159,114,8a889364-bfa4-42f7-8d4c-ee7478ea863c,same,5.25,black,509.5,0,fight,1,1851,23.599988159178483,1298,6a0a200efdf95c93dce00159
6a0a200efdf95c93dce00159,115,8fa1d226-bf98-4c72-8961-7121546d4a11,higher,2.75,grey,516.7,6,fight,1,762,23.599988159178483,1423,6a0a200efdf95c93dce00159
6a0a200efdf95c93dce00159,116,42a6675b-868f-488d-a671-17a04c97ab01,higher,2.75,black,500.0,2,fight,1,1474,43.0908959036149,2044,6a0a200efdf95c93dce00159
6a0a200efdf95c93dce00159,117,7c59d616-cf70-400a-8ebd-9b3cdfb854ec,lower,6.5,black,475.0,1,play,0,984,54.29089907744334,1747,6a0a200efdf95c93dce00159
6a0a200efdf95c93dce00159,118,124d9b3a-acac-4627-93e0-f05b493598f3,higher,5.25,black,504.8,4,fight,1,2037,27.672722134676324,1206,6a0a200efdf95c93dce00159
6a0a200efdf95c93dce00159,119,9f53cd68-f278-45d6-806a-74eeef55bbcc,higher,4.0,grey,519.0,5,fight,1,781,100.0,1692,6a0a200efdf95c93dce00159
6a0a200efdf95c93dce00159,120,87da47db-3d5c-48b2-b3f2-123123d766f0,lower,9.0,grey,478.6,7,play,0,957,81.78182798073608,1438,6a0a200efdf95c93dce00159
6a0a200efdf95c93dce00159,121,50f23891-0e3f-40d3-8bcb-a5bcfcec1987,lower,7.75,grey,481.2,5,play,0,4935,80.47271529873812,1382,6a0a200efdf95c93dce00159
6a0a200efdf95c93dce00159,122,5b2465b2-47b6-4cc7-b06f-c362ff7454f8,higher,9.0,black,490.5,0,play,0,2046,77.272733283766,1411,6a0a200efdf95c93dce00159
6a0a200efdf95c93dce00159,123,0a4312a1-7156-4c68-9698-0f1495558bee,same,5.25,grey,497.9,8,play,0,1307,83.23635693729217,1411,6a0a200efdf95c93dce00159
6a0a200efdf95c93dce00159,124,9cf1ba8f-113d-408d-831d-4cf31ca51b3b,lower,5.25,grey,526.2,5,play,0,828,91.81818560976009,1049,6a0a200efdf95c93dce00159
6a0a200efdf95c93dce00159,125,b3a507ff-2289-4ad3-8922-1a3d0532e154,lower,1.5,grey,516.7,6,play,0,714,88.1818123557345,1134,6a0a200efdf95c93dce00159
6a0a200efdf95c93dce00159,126,8fa1d226-bf98-4c72-8961-7121546d4a11,lower,2.75,grey,516.7,6,play,0,1490,83.38182407448569,1680,6a0a200efdf95c93dce00159
6a0a200efdf95c93dce00159,127,9f53cd68-f278-45d6-806a-74eeef55bbcc,same,4.0,grey,519.0,5,fight,1,1285,89.34544772801185,1629,6a0a200efdf95c93dce00159
6a0a200efdf95c93dce00159,128,755a600e-d336-4f66-8771-52eed84faf02,higher,6.5,black,502.1,1,play,0,1387,79.16362296179433,1202,6a0a200efdf95c93dce00159
6a0a200efdf95c93dce00159,129,2fa02aa8-ef06-46e0-87af-9e3b7267ee79,same,6.5,grey,492.9,9,fight,1,829,67.67272620368715,1388,6a0a200efdf95c93dce00159
6a0a200efdf95c93dce00159,130,534a6ddb-dbec-42ac-b559-3f4cbdd66423,lower,7.75,black,541.7,1,play,0,2223,82.36363549434769,1769,6a0a200efdf95c93dce00159
6a0a200efdf95c93dce00159,131,fc87f268-5d06-4cb4-8db9-dbf7fb69a2ce,same,1.5,black,512.5,0,play,0,1303,94.00000956217546,1222,6a0a200efdf95c93dce00159
6a0a200efdf95c93dce00159,132,755a600e-d336-4f66-8771-52eed84faf02,same,6.5,black,502.1,1,play,0,1199,95.01815745220514,1178,6a0a200efdf95c93dce00159
6a0a200efdf95c93dce00159,133,86e26a06-c6f9-47dc-bc1f-1c78f1f93251,higher,4.0,black,473.8,2,play,0,1029,92.54546026056522,1037,6a0a200efdf95c93dce00159
6a0a200efdf95c93dce00159,134,2fa02aa8-ef06-46e0-87af-9e3b7267ee79,higher,6.5,grey,492.9,9,play,0,1401,77.272733283766,1526,6a0a200efdf95c93dce00159
6a0a200efdf95c93dce00159,135,96c2a684-adc3-4f98-8b2a-c19c48e7f5a9,lower,4.0,grey,509.5,9,play,0,990,90.50908310028922,1143,6a0a200efdf95c93dce00159
6a0a200efdf95c93dce00159,136,a0007ede-8266-4a38-bf86-2a3e66d5d5d4,higher,4.0,grey,475.0,5,play,0,976,83.67273800381855,1297,6a0a200efdf95c93dce00159
6a0a200efdf95c93dce00159,137,a5228b86-ba0a-42f2-aa38-23b5369f0e56,lower,9.0,black,488.1,3,fight,1,1018,91.67273881762073,1681,6a0a200efdf95c93dce00159
6a0a200efdf95c93dce00159,138,085d7298-e568-4752-a909-8eecf82e3ebc,higher,7.75,grey,526.2,7,play,0,1447,81.49091405140321,975,6a0a200efdf95c93dce00159
6a0a200efdf95c93dce00159,139,534a6ddb-dbec-42ac-b559-3f4cbdd66423,higher,7.75,black,541.7,1,play,0,753,84.1090987252908,1392,6a0a200efdf95c93dce00159
6a0a200efdf95c93dce00159,140,384dc3de-9717-4531-83a1-683588fe1381,lower,5.25,black,485.4,1,fight,1,879,90.07270203376282,1251,6a0a200efdf95c93dce00159
6a0a200efdf95c93dce00159,141,5b2465b2-47b6-4cc7-b06f-c362ff7454f8,same,9.0,black,490.5,0,play,0,1297,88.1818123557345,1123,6a0a200efdf95c93dce00159
6a0a200efdf95c93dce00159,142,755a600e-d336-4f66-8771-52eed84faf02,lower,6.5,black,502.1,1,play,0,930,88.47272628506737,1457,6a0a200efdf95c93dce00159
6a0a200efdf95c93dce00159,143,29e7c94f-a6bf-4f1d-8ea1-46efbdb6a836,same,1.5,black,474.1,2,play,0,671,0.0,1574,6a0a200efdf95c93dce00159
6a0a200efdf95c93dce00159,144,5f5a825b-b433-4986-b5d6-5239eb407d32,same,5.25,grey,475.0,7,fight,1,629,72.32727786532368,1004,6a0a200efdf95c93dce00159
6a0a200efdf95c93dce00159,145,3c21b0c7-30d1-41a7-99ae-02e24be36ad3,lower,6.5,grey,502.4,5,play,0,1382,65.78181618060466,1080,6a0a200efdf95c93dce00159
6a0a200efdf95c93dce00159,146,453a1fa5-895a-4a5e-a4cf-25c0a35d74d2,higher,7.75,black,497.6,1,play,0,1689,84.25454551743017,1107,6a0a200efdf95c93dce00159
6a0a200efdf95c93dce00159,147,48fe3ca9-b1df-491d-bef9-6d9c5edee227,higher,4.0,grey,470.8,9,play,0,2133,87.01815663840297,1242,6a0a200efdf95c93dce00159
6a0a200efdf95c93dce00159,148,46c1720a-0af5-44e9-b008-09b89ef78bd9,lower,2.75,grey,496.3,6,play,0,570,33.92725971753537,1762,6a0a200efdf95c93dce00159
6a0a200efdf95c93dce00159,149,38ad4b16-44e2-4e52-8d02-b23eca73a48d,same,1.5,grey,490.5,7,play,0,1075,92.69088670765042,1118,6a0a200efdf95c93dce00159
6a0a200efdf95c93dce00159,150,debe6245-13a4-4a31-b28a-e7b25ce8fa93,lower,6.5,grey,478.6,8,play,0,758,100.0,1285,6a0a200efdf95c93dce00159
6a0a200efdf95c93dce00159,151,7c59d616-cf70-400a-8ebd-9b3cdfb854ec,same,6.5,black,475.0,1,play,0,1101,92.69088670765042,841,6a0a200efdf95c93dce00159
6a0a200efdf95c93dce00159,152,8e0deaa9-1ac5-4e69-817a-3204f157f360,higher,5.25,grey,498.1,6,play,0,1130,50.94546009780478,1029,6a0a200efdf95c93dce00159
6a0a200efdf95c93dce00159,153,35ae5b09-f580-4922-91bd-f22c23175a47,same,5.25,black,511.9,3,fight,1,1121,82.94546335301344,1848,6a0a200efdf95c93dce00159
6a0a200efdf95c93dce00159,154,8dbfdd79-2b3f-4297-8ec2-92d59884dd68,same,6.5,black,471.4,0,fight,1,1056,86.87273019131777,2879,6a0a200efdf95c93dce00159
6a0a200efdf95c93dce00159,155,32110051-52cf-4952-a6e5-4c5fe75760b7,higher,2.75,grey,522.9,7,fight,1,917,36.545454563950045,1219,6a0a200efdf95c93dce00159
6a0a200efdf95c93dce00159,156,9d425f58-501f-43f3-955e-05126bd09bb5,same,1.5,grey,525.0,7,play,0,755,100.0,1359,6a0a200efdf95c93dce00159
6a0a200efdf95c93dce00159,157,debe6245-13a4-4a31-b28a-e7b25ce8fa93,higher,6.5,grey,478.6,8,play,0,1333,3.9636234500756276,1334,6a0a200efdf95c93dce00159
6a0a200efdf95c93dce00159,158,70326c05-1133-4c5d-8a4c-3e71e0da8479,lower,4.0,black,528.6,0,play,0,1282,81.63634049848841,1239,6a0a200efdf95c93dce00159
6a0a200efdf95c93dce00159,159,82cc23d1-ba4b-48c5-995a-a30d865ea249,lower,5.25,grey,475.0,7,play,0,966,91.23635775109433,1128,6a0a200efdf95c93dce00159
6a0a200efdf95c93dce00159,160,32110051-52cf-4952-a6e5-4c5fe75760b7,same,2.75,grey,522.9,7,fight,1,780,87.16364412065064,1722,6a0a200efdf95c93dce00159
6a0a200efdf95c93dce00159,161,8e6be05b-c10c-43db-b062-a559f5033312,higher,9.0,grey,488.1,6,play,0,889,81.20000012207032,1122,6a0a200efdf95c93dce00159
6a0a200efdf95c93dce00159,162,5a652d01-49a0-4b52-a54c-51c21b53e0fe,lower,7.75,grey,525.0,6,play,0,1459,21.127260449957323,1606,6a0a200efdf95c93dce00159
6a12af25a82c000c54c955c9,1,7c59d616-cf70-400a-8ebd-9b3cdfb854ec,same,6.5,black,475.0,1,play,0,6486,36.5,2564,6a12af25a82c000c54c955c9
6a12af25a82c000c54c955c9,2,9f53cd68-f278-45d6-806a-74eeef55bbcc,lower,4.0,grey,519.0,5,fight,1,3406,24.0,2085,6a12af25a82c000c54c955c9
6a12af25a82c000c54c955c9,3,a57832a0-0b6a-4bdf-a636-adf042cd3fcc,same,7.75,grey,485.7,6,fight,1,4341,58.5,1848,6a12af25a82c000c54c955c9
6a12af25a82c000c54c955c9,4,2c174300-1111-477c-b605-e34e6031cd26,higher,6.5,grey,478.6,6,play,0,2792,35.0,1971,6a12af25a82c000c54c955c9
6a12af25a82c000c54c955c9,5,2ef99e5f-bc49-429b-b086-41ed4571b58a,higher,5.25,black,485.7,4,fight,1,1713,69.66666666666667,2672,6a12af25a82c000c54c955c9
6a12af25a82c000c54c955c9,6,905c9d73-dba9-472d-a6e4-ea3dcd3b3530,same,7.75,grey,541.7,9,fight,1,6620,24.833333333333332,1333,6a12af25a82c000c54c955c9
6a12af25a82c000c54c955c9,7,9d425f58-501f-43f3-955e-05126bd09bb5,lower,1.5,grey,525.0,7,play,0,1536,74.83333333333333,3326,6a12af25a82c000c54c955c9
6a12af25a82c000c54c955c9,8,16718611-6bca-4e79-8071-94d68c181ba1,lower,9.0,black,471.4,0,fight,1,901,62.5,1730,6a12af25a82c000c54c955c9
6a12af25a82c000c54c955c9,9,0890b767-b394-4f89-aea1-c60cab7014af,higher,4.0,grey,526.2,9,play,0,849,41.5,1845,6a12af25a82c000c54c955c9
6a12af25a82c000c54c955c9,10,2abe0875-f8ff-4373-aad8-bca142211a09,same,9.0,black,466.7,2,play,0,1223,20.666666666666668,1842,6a12af25a82c000c54c955c9
6a12af25a82c000c54c955c9,11,65eed33d-db39-4b87-b8a4-de20693d3821,lower,7.75,black,469.0,2,fight,1,1652,73.33333333333333,2352,6a12af25a82c000c54c955c9
6a12af25a82c000c54c955c9,12,1a1c3419-9320-46a3-8b48-10e9514c3e7d,lower,4.0,grey,533.3,7,play,0,2348,55.50000000000001,1500,6a12af25a82c000c54c955c9
6a12af25a82c000c54c955c9,13,2fa02aa8-ef06-46e0-87af-9e3b7267ee79,lower,6.5,grey,492.9,9,play,0,1562,26.333333333333332,1540,6a12af25a82c000c54c955c9
6a12af25a82c000c54c955c9,14,31e1789e-459a-4f3d-bfdd-2f4c8c4e9f50,same,1.5,grey,513.0,8,play,0,2696,71.66666666666667,1806,6a12af25a82c000c54c955c9
6a12af25a82c000c54c955c9,15,0a4312a1-7156-4c68-9698-0f1495558bee,same,5.25,grey,497.9,8,fight,1,4212,15.666666666666668,1806,6a12af25a82c000c54c955c9
6a12af25a82c000c54c955c9,16,68382d9c-6cc5-4669-84bf-c8058e3c1472,same,4.0,black,490.5,1,fight,1,2322,41.66666666666667,2258,6a12af25a82c000c54c955c9
6a12af25a82c000c54c955c9,17,a57832a0-0b6a-4bdf-a636-adf042cd3fcc,higher,7.75,grey,485.7,6,play,0,1200,65.16666666666666,2255,6a12af25a82c000c54c955c9
6a12af25a82c000c54c955c9,18,f45daf2e-6d4e-4a6f-ab5b-1829d67d93fe,lower,9.0,grey,498.3,5,fight,1,6620,43.833333333333336,3186,6a12af25a82c000c54c955c9
6a12af25a82c000c54c955c9,19,3dbdd697-e200-4003-92f8-47202577ad0a,higher,7.75,black,507.1,4,play,0,2306,27.333333333333332,2165,6a12af25a82c000c54c955c9
6a12af25a82c000c54c955c9,20,384dc3de-9717-4531-83a1-683588fe1381,same,5.25,black,485.4,1,play,0,2720,58.166666666666664,1268,6a12af25a82c000c54c955c9
6a12af25a82c000c54c955c9,21,1b4e0da1-e8b8-4342-8d4f-9d2a551e7fed,lower,5.25,grey,497.6,9,fight,1,3813,30.333333333333336,4064,6a12af25a82c000c54c955c9
6a12af25a82c000c54c955c9,22,8e6be05b-c10c-43db-b062-a559f5033312,higher,9.0,grey,488.1,6,fight,1,2699,67.83333333333333,1601,6a12af25a82c000c54c955c9
6a12af25a82c000c54c955c9,23,905c9d73-dba9-472d-a6e4-ea3dcd3b3530,lower,7.75,grey,541.7,9,play,0,715,63.66666666666667,2149,6a12af25a82c000c54c955c9
6a12af25a82c000c54c955c9,24,8bee64f6-a3cb-48f4-be48-142b9065f5d7,higher,6.5,black,507.1,0,play,0,916,40.166666666666664,2292,6a12af25a82c000c54c955c9
6a12af25a82c000c54c955c9,25,8bee64f6-a3cb-48f4-be48-142b9065f5d7,same,6.5,black,507.1,0,play,0,4941,7.5,1604,6a12af25a82c000c54c955c9
6a12af25a82c000c54c955c9,26,609aaddc-b0c4-4442-b4ef-ba29fa1dbe22,higher,4.0,black,502.4,2,fight,1,975,31.5,1614,6a12af25a82c000c54c955c9
6a12af25a82c000c54c955c9,27,112b96b3-6518-4053-ad9f-ff77320acc23,higher,2.75,black,481.5,4,play,0,957,64.66666666666666,1260,6a12af25a82c000c54c955c9
6a12af25a82c000c54c955c9,28,0890b767-b394-4f89-aea1-c60cab7014af,same,4.0,grey,526.2,9,play,0,2526,65.33333333333333,2018,6a12af25a82c000c54c955c9
6a12af25a82c000c54c955c9,29,3dbdd697-e200-4003-92f8-47202577ad0a,same,7.75,black,507.1,4,fight,1,1991,45.5,1823,6a12af25a82c000c54c955c9
6a12af25a82c000c54c955c9,30,debe6245-13a4-4a31-b28a-e7b25ce8fa93,same,6.5,grey,478.6,8,play,0,2998,28.499999999999996,3666,6a12af25a82c000c54c955c9
6a12af25a82c000c54c955c9,31,86e934a2-75ef-4084-a167-ce0ca737532d,lower,5.25,grey,523.8,7,fight,1,5142,61.16666666666667,2906,6a12af25a82c000c54c955c9
6a12af25a82c000c54c955c9,32,5456278f-d454-4194-af69-2784112cffb9,same,6.5,grey,481.0,9,play,0,1442,38.5,2344,6a12af25a82c000c54c955c9
6a12af25a82c000c54c955c9,33,debe6245-13a4-4a31-b28a-e7b25ce8fa93,higher,6.5,grey,478.6,8,fight,1,2653,61.66666666666667,2641,6a12af25a82c000c54c955c9
6a12af25a82c000c54c955c9,34,7e595f18-f375-4ca5-b922-61b8d693804d,higher,1.5,black,520.4,1,play,0,758,90.5,1453,6a12af25a82c000c54c955c9
6a12af25a82c000c54c955c9,35,7413c064-c0e5-4104-89aa-79d64ef9d6d9,higher,4.0,black,470.8,0,play,0,1394,35.833333333333336,4347,6a12af25a82c000c54c955c9
6a12af25a82c000c54c955c9,36,7c59d616-cf70-400a-8ebd-9b3cdfb854ec,lower,6.5,black,475.0,1,play,0,3440,13.0,1648,6a12af25a82c000c54c955c9
6a12af25a82c000c54c955c9,37,b3a507ff-2289-4ad3-8922-1a3d0532e154,lower,1.5,grey,516.7,6,play,0,1875,91.0,1632,6a12af25a82c000c54c955c9
6a12af25a82c000c54c955c9,38,88ff8e25-5b4f-453c-add2-298ef66c683c,same,2.75,grey,510.4,9,play,0,2032,62.5,1898,6a12af25a82c000c54c955c9
6a12af25a82c000c54c955c9,39,7d40f846-95bc-4c08-b7a1-b4a410852b77,same,9.0,black,473.8,1,fight,1,838,69.0,1468,6a12af25a82c000c54c955c9
6a12af25a82c000c54c955c9,40,fc87f268-5d06-4cb4-8db9-dbf7fb69a2ce,higher,1.5,black,512.5,0,play,0,1648,51.33333333333333,3168,6a12af25a82c000c54c955c9
6a12af25a82c000c54c955c9,41,132133b4-5554-4500-9494-87f534100012,higher,9.0,grey,483.3,5,fight,1,980,95.83333333333334,1646,6a12af25a82c000c54c955c9
6a12af25a82c000c54c955c9,42,9f53cd68-f278-45d6-806a-74eeef55bbcc,higher,4.0,grey,519.0,5,fight,1,821,59.833333333333336,1388,6a12af25a82c000c54c955c9
6a12af25a82c000c54c955c9,43,8b72023d-88b1-4615-b871-cac794edf1d9,lower,5.25,black,521.4,2,play,0,890,29.833333333333336,2209,6a12af25a82c000c54c955c9
6a12af25a82c000c54c955c9,44,1b4e0da1-e8b8-4342-8d4f-9d2a551e7fed,same,5.25,grey,497.6,9,play,0,1194,69.5,1445,6a12af25a82c000c54c955c9
6a12af25a82c000c54c955c9,45,132133b4-5554-4500-9494-87f534100012,same,9.0,grey,483.3,5,play,0,1024,18.0,3370,6a12af25a82c000c54c955c9
6a12af25a82c000c54c955c9,46,9d425f58-501f-43f3-955e-05126bd09bb5,higher,1.5,grey,525.0,7,fight,1,4615,26.5,2119,6a12af25a82c000c54c955c9
6a12af25a82c000c54c955c9,47,8dbfdd79-2b3f-4297-8ec2-92d59884dd68,lower,6.5,black,471.4,0,fight,1,2308,74.0,1835,6a12af25a82c000c54c955c9
6a12af25a82c000c54c955c9,48,1827c058-6388-491a-b84c-d4d6c512039e,lower,6.5,grey,488.1,8,fight,1,1403,36.16666666666667,1343,6a12af25a82c000c54c955c9
6a12af25a82c000c54c955c9,49,5456278f-d454-4194-af69-2784112cffb9,higher,6.5,grey,481.0,9,fight,1,1505,60.66666666666667,2064,6a12af25a82c000c54c955c9
6a12af25a82c000c54c955c9,50,d80f638e-7e4b-4e80-bc19-a4b764fd7614,higher,6.5,grey,473.8,9,play,0,617,40.33333333333333,1711,6a12af25a82c000c54c955c9
6a12af25a82c000c54c955c9,51,debe6245-13a4-4a31-b28a-e7b25ce8fa93,lower,6.5,grey,478.6,8,fight,1,1376,22.666666666666664,2488,6a12af25a82c000c54c955c9
6a12af25a82c000c54c955c9,52,35ae5b09-f580-4922-91bd-f22c23175a47,lower,5.25,black,511.9,3,play,0,2321,38.166666666666664,3857,6a12af25a82c000c54c955c9
6a12af25a82c000c54c955c9,53,7c45bceb-e7dc-4a58-a9f2-02aa015541c6,lower,4.0,grey,487.5,7,play,0,1754,65.66666666666666,2005,6a12af25a82c000c54c955c9
6a12af25a82c000c54c955c9,54,8e0deaa9-1ac5-4e69-817a-3204f157f360,same,5.25,grey,498.1,6,play,0,1313,91.5,2593,6a12af25a82c000c54c955c9
6a12af25a82c000c54c955c9,55,7e595f18-f375-4ca5-b922-61b8d693804d,lower,1.5,black,520.4,1,play,0,942,90.66666666666666,1882,6a12af25a82c000c54c955c9
6a12af25a82c000c54c955c9,56,5dd4bcf1-ee00-4ee7-8a76-483bdc62202c,lower,4.0,grey,479.2,8,fight,1,1485,35.333333333333336,2762,6a12af25a82c000c54c955c9
6a12af25a82c000c54c955c9,57,9cf1ba8f-113d-408d-831d-4cf31ca51b3b,higher,5.25,grey,526.2,5,fight,1,1705,62.33333333333333,2087,6a12af25a82c000c54c955c9
6a12af25a82c000c54c955c9,58,13e24563-ab7e-41df-adf6-e8e88b4d9e08,same,6.5,grey,477.1,9,fight,1,1750,40.33333333333333,2565,6a12af25a82c000c54c955c9
6a12af25a82c000c54c955c9,59,114b2369-dce5-4979-8319-c64c85175e6a,lower,4.0,grey,477.1,7,play,0,1549,66.16666666666666,1311,6a12af25a82c000c54c955c9
6a12af25a82c000c54c955c9,60,2abe0875-f8ff-4373-aad8-bca142211a09,higher,9.0,black,466.7,2,fight,1,1859,78.0,2195,6a12af25a82c000c54c955c9
6a12af25a82c000c54c955c9,61,7d40f846-95bc-4c08-b7a1-b4a410852b77,higher,9.0,black,473.8,1,play,0,1754,66.83333333333333,1770,6a12af25a82c000c54c955c9
6a12af25a82c000c54c955c9,62,70326c05-1133-4c5d-8a4c-3e71e0da8479,higher,4.0,black,528.6,0,play,0,1583,86.66666666666667,1412,6a12af25a82c000c54c955c9
6a12af25a82c000c54c955c9,63,5a652d01-49a0-4b52-a54c-51c21b53e0fe,lower,7.75,grey,525.0,6,play,0,1740,27.333333333333332,2121,6a12af25a82c000c54c955c9
6a12af25a82c000c54c955c9,64,68382d9c-6cc5-4669-84bf-c8058e3c1472,higher,4.0,black,490.5,1,play,0,2441,58.666666666666664,1949,6a12af25a82c000c54c955c9
6a12af25a82c000c54c955c9,65,114b2369-dce5-4979-8319-c64c85175e6a,same,4.0,grey,477.1,7,fight,1,4226,34.66666666666667,1509,6a12af25a82c000c54c955c9
6a12af25a82c000c54c955c9,66,50f23891-0e3f-40d3-8bcb-a5bcfcec1987,lower,7.75,grey,481.2,5,fight,1,622,82.66666666666667,2892,6a12af25a82c000c54c955c9
6a12af25a82c000c54c955c9,67,059f8cfb-52c8-47fd-8d26-b0fec58eafae,same,9.0,grey,483.3,8,play,0,1853,79.66666666666666,1887,6a12af25a82c000c54c955c9
6a12af25a82c000c54c955c9,68,32110051-52cf-4952-a6e5-4c5fe75760b7,higher,2.75,grey,522.9,7,play,0,2488,66.5,1818,6a12af25a82c000c54c955c9
6a12af25a82c000c54c955c9,69,d445e5d9-95ae-4a8f-a6bf-53380fef78b4,lower,2.75,black,512.5,0,play,0,3266,32.83333333333333,1312,6a12af25a82c000c54c955c9
6a12af25a82c000c54c955c9,70,453a1fa5-895a-4a5e-a4cf-25c0a35d74d2,lower,7.75,black,497.6,1,fight,1,1533,59.5,2922,6a12af25a82c000c54c955c9
6a12af25a82c000c54c955c9,71,4a2adf87-0f15-4bc0-9837-899addfb179c,same,2.75,black,512.5,4,play,0,1421,71.66666666666667,1503,6a12af25a82c000c54c955c9
6a12af25a82c000c54c955c9,72,e3160d16-fe5e-4987-918b-0921ab937804,higher,6.5,black,507.1,4,fight,1,2798,34.66666666666667,5641,6a12af25a82c000c54c955c9
6a12af25a82c000c54c955c9,73,d80f638e-7e4b-4e80-bc19-a4b764fd7614,same,6.5,grey,473.8,9,play,0,1413,71.33333333333334,1279,6a12af25a82c000c54c955c9
6a12af25a82c000c54c955c9,74,5b2465b2-47b6-4cc7-b06f-c362ff7454f8,same,9.0,black,490.5,0,play,0,2400,61.83333333333333,2553,6a12af25a82c000c54c955c9
6a12af25a82c000c54c955c9,75,68382d9c-6cc5-4669-84bf-c8058e3c1472,lower,4.0,black,490.5,1,play,0,1777,77.33333333333333,2273,6a12af25a82c000c54c955c9
6a12af25a82c000c54c955c9,76,31e1789e-459a-4f3d-bfdd-2f4c8c4e9f50,higher,1.5,grey,513.0,8,play,0,1461,93.5,1892,6a12af25a82c000c54c955c9
6a12af25a82c000c54c955c9,77,059f8cfb-52c8-47fd-8d26-b0fec58eafae,higher,9.0,grey,483.3,8,fight,1,2347,20.333333333333332,2185,6a12af25a82c000c54c955c9
6a12af25a82c000c54c955c9,78,70326c05-1133-4c5d-8a4c-3e71e0da8479,same,4.0,black,528.6,0,fight,1,3639,56.99999999999999,2781,6a12af25a82c000c54c955c9
6a12af25a82c000c54c955c9,79,9f53cd68-f278-45d6-806a-74eeef55bbcc,same,4.0,grey,519.0,5,fight,1,2926,15.166666666666668,2193,6a12af25a82c000c54c955c9
6a12af25a82c000c54c955c9,80,9d425f58-501f-43f3-955e-05126bd09bb5,same,1.5,grey,525.0,7,play,0,1487,88.16666666666667,3413,6a12af25a82c000c54c955c9
6a12af25a82c000c54c955c9,81,40860eea-1c44-4896-96b1-ee2d42a6c522,lower,6.5,black,490.5,4,fight,1,1705,75.0,1278,6a12af25a82c000c54c955c9
6a12af25a82c000c54c955c9,82,32110051-52cf-4952-a6e5-4c5fe75760b7,same,2.75,grey,522.9,7,play,0,1404,75.0,1869,6a12af25a82c000c54c955c9
6a12af25a82c000c54c955c9,83,86e26a06-c6f9-47dc-bc1f-1c78f1f93251,lower,4.0,black,473.8,2,play,0,1598,68.66666666666667,1680,6a12af25a82c000c54c955c9
6a12af25a82c000c54c955c9,84,132133b4-5554-4500-9494-87f534100012,lower,9.0,grey,483.3,5,play,0,2557,24.5,1913,6a12af25a82c000c54c955c9
6a12af25a82c000c54c955c9,85,50bec0a0-7e7c-4edd-a8eb-394750dbdb77,same,4.0,grey,528.6,8,fight,1,1743,31.166666666666664,3481,6a12af25a82c000c54c955c9
6a12af25a82c000c54c955c9,86,86e26a06-c6f9-47dc-bc1f-1c78f1f93251,higher,4.0,black,473.8,2,play,0,1201,64.16666666666667,1506,6a12af25a82c000c54c955c9
6a12af25a82c000c54c955c9,87,8e6be05b-c10c-43db-b062-a559f5033312,same,9.0,grey,488.1,6,play,0,1595,71.0,2106,6a12af25a82c000c54c955c9
6a12af25a82c000c54c955c9,88,59df47e5-696a-407f-aa33-94dab9b3e492,lower,2.75,grey,474.1,8,fight,1,2149,20.5,2124,6a12af25a82c000c54c955c9
6a12af25a82c000c54c955c9,89,609aaddc-b0c4-4442-b4ef-ba29fa1dbe22,lower,4.0,black,502.4,2,fight,1,1495,55.833333333333336,1971,6a12af25a82c000c54c955c9
6a12af25a82c000c54c955c9,90,8a889364-bfa4-42f7-8d4c-ee7478ea863c,same,5.25,black,509.5,0,play,0,6374,32.0,2647,6a12af25a82c000c54c955c9
6a12af25a82c000c54c955c9,91,2c174300-1111-477c-b605-e34e6031cd26,lower,6.5,grey,478.6,6,play,0,4463,25.0,2091,6a12af25a82c000c54c955c9
6a12af25a82c000c54c955c9,92,86e26a06-c6f9-47dc-bc1f-1c78f1f93251,same,4.0,black,473.8,2,play,0,885,84.83333333333334,1649,6a12af25a82c000c54c955c9
6a12af25a82c000c54c955c9,93,5b2465b2-47b6-4cc7-b06f-c362ff7454f8,higher,9.0,black,490.5,0,fight,1,2162,35.833333333333336,1287,6a12af25a82c000c54c955c9
6a12af25a82c000c54c955c9,94,755a600e-d336-4f66-8771-52eed84faf02,higher,6.5,black,502.1,1,play,0,1607,58.833333333333336,2942,6a12af25a82c000c54c955c9
6a12af25a82c000c54c955c9,95,44ab78ba-bb99-4b6d-a69b-ede18f9116ec,same,7.75,black,514.3,1,play,0,3477,76.33333333333333,2247,6a12af25a82c000c54c955c9
6a12af25a82c000c54c955c9,96,8bee64f6-a3cb-48f4-be48-142b9065f5d7,lower,6.5,black,507.1,0,fight,1,2225,56.166666666666664,1501,6a12af25a82c000c54c955c9
6a12af25a82c000c54c955c9,97,04b8ff17-66ff-4d6b-a0aa-a91efebb4368,same,5.25,black,514.3,4,play,0,1467,71.5,3019,6a12af25a82c000c54c955c9
6a12af25a82c000c54c955c9,98,2c174300-1111-477c-b605-e34e6031cd26,same,6.5,grey,478.6,6,fight,1,5752,10.333333333333334,1629,6a12af25a82c000c54c955c9
6a12af25a82c000c54c955c9,99,4a2adf87-0f15-4bc0-9837-899addfb179c,higher,2.75,black,512.5,4,play,0,1181,77.66666666666666,2980,6a12af25a82c000c54c955c9
6a12af25a82c000c54c955c9,100,e5e05e73-9cd0-4990-8da2-4962e0a03e5d,higher,1.5,grey,536.7,9,play,0,3693,33.83333333333333,2328,6a12af25a82c000c54c955c9
6a12af25a82c000c54c955c9,101,8649b489-429a-4894-9c74-827e94f04566,lower,9.0,grey,528.6,8,fight,1,2264,73.33333333333333,2451,6a12af25a82c000c54c955c9
6a12af25a82c000c54c955c9,102,2abe0875-f8ff-4373-aad8-bca142211a09,lower,9.0,black,466.7,2,fight,1,1535,56.49999999999999,1344,6a12af25a82c000c54c955c9
6a12af25a82c000c54c955c9,103,7413c064-c0e5-4104-89aa-79d64ef9d6d9,same,4.0,black,470.8,0,play,0,4746,22.5,1178,6a12af25a82c000c54c955c9
6a12af25a82c000c54c955c9,104,44ab78ba-bb99-4b6d-a69b-ede18f9116ec,higher,7.75,black,514.3,1,play,0,1485,61.0,1721,6a12af25a82c000c54c955c9
6a12af25a82c000c54c955c9,105,7c59d616-cf70-400a-8ebd-9b3cdfb854ec,higher,6.5,black,475.0,1,fight,1,1571,65.66666666666666,2411,6a12af25a82c000c54c955c9
6a12af25a82c000c54c955c9,106,5f5a825b-b433-4986-b5d6-5239eb407d32,lower,5.25,grey,475.0,7,play,0,2611,25.166666666666664,2506,6a12af25a82c000c54c955c9
6a12af25a82c000c54c955c9,107,65eed33d-db39-4b87-b8a4-de20693d3821,higher,7.75,black,469.0,2,play,0,1424,80.66666666666666,1306,6a12af25a82c000c54c955c9
6a12af25a82c000c54c955c9,108,114b2369-dce5-4979-8319-c64c85175e6a,higher,4.0,grey,477.1,7,play,0,3561,80.5,5285,6a12af25a82c000c54c955c9
6a12af25a82c000c54c955c9,109,42a6675b-868f-488d-a671-17a04c97ab01,lower,2.75,black,500.0,2,play,0,1271,67.16666666666666,3979,6a12af25a82c000c54c955c9
6a12af25a82c000c54c955c9,110,1a1c3419-9320-46a3-8b48-10e9514c3e7d,higher,4.0,grey,533.3,7,play,0,1576,89.33333333333333,1675,6a12af25a82c000c54c955c9
6a12af25a82c000c54c955c9,111,112b96b3-6518-4053-ad9f-ff77320acc23,same,2.75,black,481.5,4,fight,1,777,35.16666666666667,1613,6a12af25a82c000c54c955c9
6a12af25a82c000c54c955c9,112,7a2ccf3c-feb4-4b5c-9c03-44c10f774f9a,lower,9.0,black,490.5,2,fight,1,2042,40.33333333333333,1459,6a12af25a82c000c54c955c9
6a12af25a82c000c54c955c9,113,e5e05e73-9cd0-4990-8da2-4962e0a03e5d,same,1.5,grey,536.7,9,play,0,1587,66.16666666666666,2515,6a12af25a82c000c54c955c9
6a12af25a82c000c54c955c9,114,fc87f268-5d06-4cb4-8db9-dbf7fb69a2ce,same,1.5,black,512.5,0,play,0,1736,93.16666666666666,2400,6a12af25a82c000c54c955c9
6a12af25a82c000c54c955c9,115,9cf1ba8f-113d-408d-831d-4cf31ca51b3b,same,5.25,grey,526.2,5,fight,1,1363,58.166666666666664,1322,6a12af25a82c000c54c955c9
6a12af25a82c000c54c955c9,116,2d3d47a2-03c8-4642-84ec-a8f67c64868c,lower,5.25,black,483.3,1,play,0,1454,73.0,1229,6a12af25a82c000c54c955c9
6a12af25a82c000c54c955c9,117,1f7aa6f4-6516-4b90-8eeb-142b1437644b,lower,4.0,black,526.2,3,fight,1,1533,22.5,1989,6a12af25a82c000c54c955c9
6a12af25a82c000c54c955c9,118,e3160d16-fe5e-4987-918b-0921ab937804,same,6.5,black,507.1,4,fight,1,1447,30.166666666666668,4391,6a12af25a82c000c54c955c9
6a12af25a82c000c54c955c9,119,124d9b3a-acac-4627-93e0-f05b493598f3,higher,5.25,black,504.8,4,fight,1,1329,63.16666666666667,2174,6a12af25a82c000c54c955c9
6a12af25a82c000c54c955c9,120,215ead11-5650-429d-b541-0b107fbb996a,same,2.75,grey,505.6,7,play,0,797,86.66666666666667,1686,6a12af25a82c000c54c955c9
6a12af25a82c000c54c955c9,121,0a4312a1-7156-4c68-9698-0f1495558bee,lower,5.25,grey,497.9,8,play,0,5995,65.16666666666666,1527,6a12af25a82c000c54c955c9
6a12af25a82c000c54c955c9,122,905c9d73-dba9-472d-a6e4-ea3dcd3b3530,higher,7.75,grey,541.7,9,play,0,1596,22.333333333333332,1883,6a12af25a82c000c54c955c9
6a12af25a82c000c54c955c9,123,ed3846d1-c7e9-4e73-a1ab-cd413d18c0b8,higher,6.5,black,509.5,3,play,0,692,88.5,1373,6a12af25a82c000c54c955c9
6a12af25a82c000c54c955c9,124,46786fd0-ca59-4ffa-a772-fe489fdbd94c,higher,5.25,grey,468.8,9,fight,1,647,74.33333333333333,1295,6a12af25a82c000c54c955c9
6a12af25a82c000c54c955c9,125,9ed3a785-369e-4eb1-b5ca-50d2602a44d4,lower,5.25,grey,476.2,9,fight,1,1207,60.0,3058,6a12af25a82c000c54c955c9
6a12af25a82c000c54c955c9,126,46786fd0-ca59-4ffa-a772-fe489fdbd94c,same,5.25,grey,468.8,9,play,0,2187,17.666666666666668,1644,6a12af25a82c000c54c955c9
6a12af25a82c000c54c955c9,127,609aaddc-b0c4-4442-b4ef-ba29fa1dbe22,same,4.0,black,502.4,2,fight,1,3939,20.833333333333336,1566,6a12af25a82c000c54c955c9
6a12af25a82c000c54c955c9,128,215ead11-5650-429d-b541-0b107fbb996a,lower,2.75,grey,505.6,7,play,0,1453,74.5,1423,6a12af25a82c000c54c955c9
6a12af25a82c000c54c955c9,129,8ecf5da9-a68c-4392-8c1a-ecb9754dd9d9,higher,7.75,grey,473.8,5,play,0,952,20.833333333333336,1840,6a12af25a82c000c54c955c9
6a12af25a82c000c54c955c9,130,14c0e4c6-94d9-41ec-b44a-5f6c8678230e,lower,6.5,black,511.9,4,play,0,803,62.16666666666667,1375,6a12af25a82c000c54c955c9
6a12af25a82c000c54c955c9,131,8e0deaa9-1ac5-4e69-817a-3204f157f360,higher,5.25,grey,498.1,6,fight,1,1913,15.0,2412,6a12af25a82c000c54c955c9
6a12af25a82c000c54c955c9,132,124d9b3a-acac-4627-93e0-f05b493598f3,same,5.25,black,504.8,4,fight,1,5108,31.833333333333336,2150,6a12af25a82c000c54c955c9
6a12af25a82c000c54c955c9,133,0a4312a1-7156-4c68-9698-0f1495558bee,higher,5.25,grey,497.9,8,play,0,1525,60.83333333333333,2178,6a12af25a82c000c54c955c9
6a12af25a82c000c54c955c9,134,3fd185a3-34a1-4f1a-9d01-aee3deee3988,lower,2.75,black,472.9,0,play,0,685,93.83333333333333,2129,6a12af25a82c000c54c955c9
6a12af25a82c000c54c955c9,135,215ead11-5650-429d-b541-0b107fbb996a,higher,2.75,grey,505.6,7,play,0,1596,71.16666666666667,1208,6a12af25a82c000c54c955c9
6a12af25a82c000c54c955c9,136,755a600e-d336-4f66-8771-52eed84faf02,same,6.5,black,502.1,1,play,0,1011,34.833333333333336,2030,6a12af25a82c000c54c955c9
6a12af25a82c000c54c955c9,137,c3cfe5d9-0b66-460b-a3db-a76a0df825ae,lower,2.75,grey,501.9,8,play,0,809,70.0,1394,6a12af25a82c000c54c955c9
6a12af25a82c000c54c955c9,138,65eed33d-db39-4b87-b8a4-de20693d3821,same,7.75,black,469.0,2,fight,1,3228,14.166666666666666,2190,6a12af25a82c000c54c955c9
6a12af25a82c000c54c955c9,139,13e24563-ab7e-41df-adf6-e8e88b4d9e08,higher,6.5,grey,477.1,9,fight,1,1592,39.5,1974,6a12af25a82c000c54c955c9
6a12af25a82c000c54c955c9,140,ed3846d1-c7e9-4e73-a1ab-cd413d18c0b8,same,6.5,black,509.5,3,play,0,589,67.5,1937,6a12af25a82c000c54c955c9
6a12af25a82c000c54c955c9,141,04b8ff17-66ff-4d6b-a0aa-a91efebb4368,higher,5.25,black,514.3,4,fight,1,1106,55.833333333333336,1310,6a12af25a82c000c54c955c9
6a12af25a82c000c54c955c9,142,1a1c3419-9320-46a3-8b48-10e9514c3e7d,same,4.0,grey,533.3,7,play,0,2332,69.66666666666667,2440,6a12af25a82c000c54c955c9
6a12af25a82c000c54c955c9,143,50bec0a0-7e7c-4edd-a8eb-394750dbdb77,higher,4.0,grey,528.6,8,play,0,2869,29.5,1414,6a12af25a82c000c54c955c9
6a12af25a82c000c54c955c9,144,39d4c0f1-9195-4761-98c6-457bad8a2291,lower,5.25,black,514.3,2,play,0,2293,33.5,3953,6a12af25a82c000c54c955c9
6a12af25a82c000c54c955c9,145,29e7c94f-a6bf-4f1d-8ea1-46efbdb6a836,same,1.5,black,474.1,2,play,0,1582,86.66666666666667,1632,6a12af25a82c000c54c955c9
6a12af25a82c000c54c955c9,146,2ef99e5f-bc49-429b-b086-41ed4571b58a,same,5.25,black,485.7,4,fight,1,960,38.166666666666664,2286,6a12af25a82c000c54c955c9
6a12af25a82c000c54c955c9,147,1b4e0da1-e8b8-4342-8d4f-9d2a551e7fed,higher,5.25,grey,497.6,9,play,0,634,77.33333333333333,1302,6a12af25a82c000c54c955c9
6a12af25a82c000c54c955c9,148,29e7c94f-a6bf-4f1d-8ea1-46efbdb6a836,higher,1.5,black,474.1,2,play,0,1632,92.83333333333333,1220,6a12af25a82c000c54c955c9
6a12af25a82c000c54c955c9,149,88ff8e25-5b4f-453c-add2-298ef66c683c,higher,2.75,grey,510.4,9,fight,1,2025,20.5,2953,6a12af25a82c000c54c955c9
6a12af25a82c000c54c955c9,150,7b0c39f7-8bb3-4c19-94da-30117a8ec17d,lower,7.75,black,507.1,2,play,0,1473,34.166666666666664,2413,6a12af25a82c000c54c955c9
6a12af25a82c000c54c955c9,151,e5e05e73-9cd0-4990-8da2-4962e0a03e5d,lower,1.5,grey,536.7,9,play,0,1580,89.66666666666666,1147,6a12af25a82c000c54c955c9
6a12af25a82c000c54c955c9,152,3c21b0c7-30d1-41a7-99ae-02e24be36ad3,lower,6.5,grey,502.4,5,fight,1,504,38.83333333333333,2149,6a12af25a82c000c54c955c9
6a12af25a82c000c54c955c9,153,83dec58f-0765-4ddc-b785-670d8025c467,lower,4.0,black,531.0,2,fight,1,2214,61.33333333333333,2727,6a12af25a82c000c54c955c9
6a12af25a82c000c54c955c9,154,384dc3de-9717-4531-83a1-683588fe1381,higher,5.25,black,485.4,1,play,0,865,35.66666666666667,2003,6a12af25a82c000c54c955c9
6a12af25a82c000c54c955c9,155,2ef99e5f-bc49-429b-b086-41ed4571b58a,lower,5.25,black,485.7,4,fight,1,683,84.16666666666667,1348,6a12af25a82c000c54c955c9
6a12af25a82c000c54c955c9,156,cc654364-6ba7-42d1-b98c-c44f96b2e4e4,higher,2.75,black,483.3,4,play,0,1647,15.666666666666668,1823,6a12af25a82c000c54c955c9
6a12af25a82c000c54c955c9,157,8a889364-bfa4-42f7-8d4c-ee7478ea863c,higher,5.25,black,509.5,0,play,0,9341,18.333333333333332,2915,6a12af25a82c000c54c955c9
6a12af25a82c000c54c955c9,158,fc87f268-5d06-4cb4-8db9-dbf7fb69a2ce,lower,1.5,black,512.5,0,play,0,818,87.5,2258,6a12af25a82c000c54c955c9
6a12af25a82c000c54c955c9,159,29e7c94f-a6bf-4f1d-8ea1-46efbdb6a836,lower,1.5,black,474.1,2,play,0,835,76.5,1534,6a12af25a82c000c54c955c9
6a12af25a82c000c54c955c9,160,8ecf5da9-a68c-4392-8c1a-ecb9754dd9d9,same,7.75,grey,473.8,5,fight,1,730,60.66666666666667,1240,6a12af25a82c000c54c955c9
6a12af25a82c000c54c955c9,161,cc654364-6ba7-42d1-b98c-c44f96b2e4e4,same,2.75,black,483.3,4,play,0,649,25.666666666666664,1645,6a12af25a82c000c54c955c9
6a12af25a82c000c54c955c9,162,7e595f18-f375-4ca5-b922-61b8d693804d,same,1.5,black,520.4,1,play,0,1484,78.16666666666666,1496,6a12af25a82c000c54c955c9
